order_id,date,product,category,quantity,unit_price,region,customer_id
ORD-10227,2024-03-19,Laptop,Electronics,1,926.56,South,CUST-1252
ORD-11203,2024-05-01,Headphones,Electronics,4,143.73,North,CUST-1201
ORD-11226,2024-01-27,Notebook,Stationery,3,5.19,South,CUST-1181
ORD-11453,2024-05-07,Monitor,Electronics,3,341.97,North,CUST-1008
ORD-10049,2024-08-12,Laptop,Electronics,5,1005.52,North,CUST-1270
ORD-10745,2024-09-15,Smartphone,Electronics,4,716.77,South,CUST-1090
ORD-10418,2024-06-15,Mouse,Electronics,4,36.07,South,CUST-1043
ORD-11235,2024-03-17,Smartphone,Electronics,1,654.13,West,CUST-1133
ORD-11419,2024-09-21,Pen Set,Stationery,5,13.22,South,CUST-1236
ORD-11471,2024-12-06,Smartphone,Electronics,2,714.14,East,CUST-1113
ORD-10073,2024-08-14,Notebook,Stationery,2,4.87,South,CUST-1086
ORD-10532,2024-06-18,Headphones,Electronics,1,135.95,East,CUST-1086
ORD-10582,2024-03-16,Smartphone,Electronics,5,691.72,East,CUST-1051
ORD-10293,2024-10-09,Laptop,Electronics,5,927.29,North,CUST-1221
ORD-10894,2024-05-23,Laptop,Electronics,2,922.75,South,CUST-1070
ORD-10378,2024-01-30,Notebook,Stationery,5,4.8,South,CUST-1271
ORD-10920,2024-03-22,Headphones,Electronics,4,147.37,South,CUST-1087
ORD-10350,2024-07-03,Standing Desk,Furniture,2,409.18,North,CUST-1157
ORD-10172,2024-06-16,Headphones,Electronics,4,138.94,East,CUST-1276
ORD-10047,2024-11-14,Pen Set,Stationery,5,13.63,South,CUST-1109
ORD-10627,2024-09-07,Pen Set,Stationery,3,13.15,South,CUST-1206
ORD-10620,2024-03-22,Mouse,Electronics,4,40.7,East,CUST-1066
ORD-11440,2024-03-21,Headphones,Electronics,3,154.85,West,CUST-1034
ORD-11142,2024-04-08,Laptop,Electronics,3,925.76,North,CUST-1002
ORD-10422,2024-11-16,Laptop,Electronics,4,989.06,South,CUST-1054
ORD-11454,2024-01-08,Smartphone,Electronics,3,716.15,South,CUST-1032
ORD-11192,2024-01-29,Smartphone,Electronics,1,662.95,East,CUST-1032
ORD-10096,2024-02-05,Mouse,Electronics,1,40.52,East,CUST-1102
ORD-10475,2024-03-21,Notebook,Stationery,4,4.83,East,CUST-1219
ORD-10367,2024-10-05,Headphones,Electronics,4,146.96,West,CUST-1126
ORD-10305,2024-02-24,Laptop,Electronics,3,936.25,East,CUST-1230
ORD-10484,2024-04-19,Notebook,Stationery,2,5.18,South,CUST-1226
ORD-10181,2024-06-04,Desk Chair,Furniture,4,229.35,South,CUST-1275
ORD-11150,2024-08-31,Backpack,Accessories,3,55.6,East,CUST-1251
ORD-11492,2024-09-29,Standing Desk,Furniture,4,444.55,West,CUST-1045
ORD-10273,2024-07-16,Laptop,Electronics,3,1046.05,East,CUST-1254
ORD-11196,2024-06-09,Desk Chair,Furniture,3,256.2,North,CUST-1120
ORD-11070,2024-09-15,Backpack,Accessories,1,57.82,South,CUST-1050
ORD-10448,2024-10-27,Smartphone,Electronics,1,666.52,West,CUST-1088
ORD-11272,2024-11-09,Laptop,Electronics,4,934.78,South,CUST-1009
ORD-10233,2024-01-22,Smartphone,Electronics,4,725.44,West,CUST-1096
ORD-11377,2024-07-14,Mouse,Electronics,4,36.57,South,CUST-1119
ORD-10570,2024-10-05,Backpack,Accessories,4,55.65,South,CUST-1189
ORD-10473,2024-05-25,Laptop,Electronics,3,982.09,West,CUST-1248
ORD-11060,2024-07-30,Backpack,Accessories,2,57.37,South,CUST-1241
ORD-10138,2024-10-08,Backpack,Accessories,1,58.08,East,CUST-1165
ORD-11271,2024-10-10,Backpack,Accessories,3,54.32,East,CUST-1262
ORD-10934,2024-11-18,Laptop,Electronics,5,1048.07,East,CUST-1147
ORD-11331,2024-09-30,Smartphone,Electronics,5,663.64,East,CUST-1251
ORD-10990,2024-10-09,Smartphone,Electronics,4,670.39,East,CUST-1217
ORD-10702,2024-05-12,Notebook,Stationery,4,4.78,South,CUST-1221
ORD-10714,2024-10-24,Notebook,Stationery,4,5.2,West,CUST-1120
ORD-10926,2024-10-07,Mouse,Electronics,3,39.71,West,CUST-1106
ORD-10554,2024-11-04,Notebook,Stationery,3,5.18,North,CUST-1113
ORD-10797,2024-09-18,Pen Set,Stationery,4,13.2,East,CUST-1040
ORD-11162,2024-01-17,Backpack,Accessories,4,61.91,West,CUST-1230
ORD-10120,2024-01-27,Monitor,Electronics,3,343.57,West,CUST-1033
ORD-10067,2024-08-11,Monitor,Electronics,1,322.73,South,CUST-1100
ORD-10895,2024-07-14,Smartphone,Electronics,5,730.85,East,CUST-1116
ORD-10235,2024-06-24,Laptop,Electronics,1,975.67,West,CUST-1126
ORD-10902,2024-04-06,Headphones,Electronics,1,137.95,East,CUST-1136
ORD-11208,2024-09-16,Headphones,Electronics,1,142.91,North,CUST-1280
ORD-11110,2024-02-14,Pen Set,Stationery,2,13.11,South,CUST-1212
ORD-11402,2024-05-23,Standing Desk,Furniture,2,462.47,West,CUST-1250
ORD-10576,2024-11-13,Notebook,Stationery,2,4.58,East,CUST-1088
ORD-11327,2024-10-19,Pen Set,Stationery,3,12.78,South,CUST-1286
ORD-10764,2024-01-18,Backpack,Accessories,5,58.59,South,CUST-1086
ORD-10335,2024-01-26,Smartphone,Electronics,5,653.69,West,CUST-1051
ORD-11221,2024-11-03,Pen Set,Stationery,2,13.63,West,CUST-1096
ORD-11425,2024-06-18,Notebook,Stationery,5,4.96,North,CUST-1293
ORD-10472,2024-07-22,Smartphone,Electronics,2,731.64,North,CUST-1253
ORD-10312,2024-07-06,Notebook,Stationery,1,4.79,South,CUST-1099
ORD-11092,2024-06-16,Notebook,Stationery,4,4.94,West,CUST-1280
ORD-10064,2024-01-15,Laptop,Electronics,1,1031.55,South,CUST-1297
ORD-10302,2024-12-16,Laptop,Electronics,4,944.61,South,CUST-1030
ORD-10754,2024-05-09,Notebook,Stationery,3,5.13,East,CUST-1187
ORD-10717,2024-06-10,Laptop,Electronics,4,925.29,North,CUST-1113
ORD-10684,2024-11-20,Laptop,Electronics,3,1013.26,North,CUST-1100
ORD-10957,2024-12-03,Headphones,Electronics,3,135.5,East,CUST-1107
ORD-11278,2024-03-23,Standing Desk,Furniture,5,418.98,South,CUST-1044
ORD-11435,2024-01-04,Mouse,Electronics,2,38.66,West,CUST-1126
ORD-11245,2024-01-25,Smartphone,Electronics,3,663.92,North,CUST-1036
ORD-10569,2024-02-29,Desk Chair,Furniture,3,254.42,East,CUST-1135
ORD-10299,2024-01-15,Smartphone,Electronics,1,634.76,North,CUST-1295
ORD-10972,2024-05-04,Backpack,Accessories,5,55.42,South,CUST-1033
ORD-10945,2024-01-29,Laptop,Electronics,5,944.89,South,CUST-1161
ORD-10927,2024-03-16,Mouse,Electronics,1,39.91,North,CUST-1016
ORD-11257,2024-02-18,Notebook,Stationery,4,4.99,West,CUST-1129
ORD-10976,2024-03-31,Notebook,Stationery,3,5.21,East,CUST-1055
ORD-11128,2024-09-05,Standing Desk,Furniture,4,427.96,South,CUST-1052
ORD-10526,2024-12-30,Monitor,Electronics,2,344.93,East,CUST-1025
ORD-11251,2024-02-16,Notebook,Stationery,4,5.1,West,CUST-1222
ORD-10400,2024-07-26,Pen Set,Stationery,4,12.79,North,CUST-1115
ORD-10446,2024-10-01,Backpack,Accessories,2,57.28,South,CUST-1058
ORD-10421,2024-08-03,Smartphone,Electronics,3,680.83,West,CUST-1128
ORD-10216,2024-06-06,Notebook,Stationery,1,4.66,North,CUST-1028
ORD-10028,2024-09-21,Laptop,Electronics,4,918.14,North,CUST-1173
ORD-10466,2024-07-29,Monitor,Electronics,1,346.12,South,CUST-1064
ORD-10578,2024-12-15,Laptop,Electronics,4,930.28,West,CUST-1075
ORD-10641,2024-12-12,Desk Chair,Furniture,3,240.97,North,CUST-1023
ORD-10423,2024-01-04,Laptop,Electronics,4,949.82,West,CUST-1168
ORD-10062,2024-04-26,Smartphone,Electronics,2,632.48,South,CUST-1168
ORD-11047,2024-02-21,Smartphone,Electronics,5,669.48,East,CUST-1249
ORD-10255,2024-09-14,Notebook,Stationery,3,4.67,South,CUST-1191
ORD-10613,2024-06-06,Headphones,Electronics,4,152.72,North,CUST-1133
ORD-10974,2024-10-05,Smartphone,Electronics,2,648.16,South,CUST-1293
ORD-10564,2024-08-10,Headphones,Electronics,2,136.2,North,CUST-1097
ORD-11004,2024-09-27,Laptop,Electronics,1,951.42,South,CUST-1074
ORD-10955,2024-12-31,Smartphone,Electronics,5,642.15,West,CUST-1022
ORD-11065,2024-05-31,Smartphone,Electronics,5,646.45,North,CUST-1087
ORD-10585,2024-05-21,Notebook,Stationery,4,4.6,West,CUST-1205
ORD-10488,2024-12-03,Standing Desk,Furniture,3,418.86,North,CUST-1096
ORD-10806,2024-03-20,Standing Desk,Furniture,1,449.19,South,CUST-1158
ORD-10121,2024-02-07,Mouse,Electronics,5,39.77,South,CUST-1076
ORD-10243,2024-07-04,Laptop,Electronics,3,927.03,South,CUST-1248
ORD-10285,2024-03-10,Standing Desk,Furniture,1,435.5,East,CUST-1227
ORD-11362,2024-03-06,Headphones,Electronics,3,155.99,South,CUST-1267
ORD-10857,2024-06-15,Laptop,Electronics,3,961.84,West,CUST-1165
ORD-11303,2024-11-21,Laptop,Electronics,2,903.5,North,CUST-1276
ORD-11023,2024-04-01,Laptop,Electronics,4,916.26,East,CUST-1220
ORD-10661,2024-07-05,Mouse,Electronics,4,36.67,North,CUST-1113
ORD-10652,2024-12-05,Pen Set,Stationery,4,11.98,West,CUST-1027
ORD-10043,2024-04-30,Pen Set,Stationery,4,11.92,East,CUST-1126
ORD-10056,2024-07-08,Mouse,Electronics,5,39.31,East,CUST-1021
ORD-11064,2024-02-26,Mouse,Electronics,4,38.74,South,CUST-1175
ORD-10828,2024-02-18,Notebook,Stationery,5,4.99,South,CUST-1199
ORD-10022,2024-06-01,Smartphone,Electronics,5,693.93,East,CUST-1082
ORD-10236,2024-08-12,Laptop,Electronics,5,978.4,West,CUST-1190
ORD-11256,2024-10-09,Desk Chair,Furniture,1,259.39,South,CUST-1261
ORD-10165,2024-06-02,Headphones,Electronics,4,150.52,East,CUST-1154
ORD-10749,2024-08-07,Headphones,Electronics,2,156.1,West,CUST-1195
ORD-10112,2024-05-04,Smartphone,Electronics,3,699.71,North,CUST-1283
ORD-11073,2024-12-08,Headphones,Electronics,3,138.63,South,CUST-1292
ORD-10772,2024-05-04,Monitor,Electronics,3,344.57,South,CUST-1235
ORD-11019,2024-05-09,Smartphone,Electronics,3,679.02,North,CUST-1232
ORD-10491,2024-01-07,Laptop,Electronics,3,1040.08,North,CUST-1291
ORD-10411,2024-06-16,Headphones,Electronics,1,149.26,South,CUST-1230
ORD-11040,2024-03-07,Laptop,Electronics,1,925.83,North,CUST-1157
ORD-10776,2024-04-01,Backpack,Accessories,4,56.82,West,CUST-1293
ORD-10075,2024-04-30,Mouse,Electronics,3,37.34,North,CUST-1012
ORD-10653,2024-03-21,Pen Set,Stationery,5,13.34,East,CUST-1084
ORD-11382,2024-11-13,Laptop,Electronics,4,927.88,West,CUST-1022
ORD-10240,2024-06-28,Notebook,Stationery,3,5.22,East,CUST-1200
ORD-10595,2024-09-07,Laptop,Electronics,5,966.91,East,CUST-1242
ORD-11397,2024-04-17,Desk Chair,Furniture,3,242.1,East,CUST-1190
ORD-10015,2024-03-12,Notebook,Stationery,2,5.05,North,CUST-1299
ORD-11239,2024-05-19,Laptop,Electronics,5,1033.62,East,CUST-1298
ORD-10457,2024-08-22,Notebook,Stationery,5,5.05,South,CUST-1281
ORD-10671,2024-06-24,Mouse,Electronics,3,38.71,East,CUST-1211
ORD-10257,2024-05-26,Laptop,Electronics,4,1004.4,North,CUST-1240
ORD-11357,2024-12-14,Laptop,Electronics,3,928.72,South,CUST-1155
ORD-10710,2024-06-25,Smartphone,Electronics,2,673.32,South,CUST-1262
ORD-10528,2024-10-08,Pen Set,Stationery,2,11.88,South,CUST-1071
ORD-10270,2024-09-20,Monitor,Electronics,4,345.95,East,CUST-1129
ORD-10735,2024-04-05,Notebook,Stationery,2,4.76,East,CUST-1060
ORD-10306,2024-02-19,Notebook,Stationery,1,4.71,North,CUST-1214
ORD-10777,2024-12-15,Smartphone,Electronics,2,682.39,North,CUST-1123
ORD-10347,2024-09-20,Laptop,Electronics,3,913.0,East,CUST-1094
ORD-10320,2024-01-09,Laptop,Electronics,3,949.68,South,CUST-1213
ORD-10736,2024-07-31,Mouse,Electronics,3,40.31,South,CUST-1245
ORD-10788,2024-07-24,Laptop,Electronics,3,967.6,East,CUST-1294
ORD-10887,2024-12-04,Backpack,Accessories,3,59.96,South,CUST-1184
ORD-11018,2024-11-27,Laptop,Electronics,5,1020.47,North,CUST-1056
ORD-10960,2024-04-15,Pen Set,Stationery,5,12.37,North,CUST-1072
ORD-11168,2024-01-15,Desk Chair,Furniture,5,226.68,South,CUST-1178
ORD-11098,2024-04-04,Desk Chair,Furniture,2,246.08,West,CUST-1162
ORD-10823,2024-08-03,Laptop,Electronics,3,1017.85,West,CUST-1190
ORD-11348,2024-10-11,Pen Set,Stationery,3,13.4,South,CUST-1258
ORD-10583,2024-10-15,Backpack,Accessories,1,61.06,South,CUST-1176
ORD-10415,2024-02-24,Smartphone,Electronics,1,630.54,South,CUST-1184
ORD-10042,2024-09-17,Smartphone,Electronics,1,719.38,South,CUST-1034
ORD-10425,2024-03-31,Laptop,Electronics,4,1045.3,East,CUST-1251
ORD-11075,2024-07-08,Headphones,Electronics,4,,North,CUST-1036
ORD-10555,2024-02-23,Backpack,Accessories,4,55.26,North,CUST-1121
ORD-10200,2024-04-20,Laptop,Electronics,4,967.72,West,CUST-1173
ORD-10098,2024-04-21,Pen Set,Stationery,4,13.05,West,CUST-1085
ORD-10565,2024-10-10,Pen Set,Stationery,5,12.21,South,CUST-1121
ORD-10104,2024-07-04,Laptop,Electronics,4,1006.09,North,CUST-1267
ORD-10338,2024-04-12,Laptop,Electronics,3,948.17,South,CUST-1045
ORD-11164,2024-06-04,Notebook,Stationery,2,4.86,North,CUST-1199
ORD-11432,2024-09-01,Desk Chair,Furniture,1,239.58,East,CUST-1105
ORD-11368,2024-07-19,Monitor,Electronics,2,313.56,South,CUST-1012
ORD-11141,2024-02-04,Desk Chair,Furniture,1,255.72,North,CUST-1270
ORD-11008,2024-09-29,Headphones,Electronics,2,143.54,West,CUST-1242
ORD-11082,2024-12-25,Headphones,Electronics,2,151.94,West,CUST-1164
ORD-10705,2024-12-17,Smartphone,Electronics,3,693.68,North,CUST-1224
ORD-10125,2024-04-16,Smartphone,Electronics,2,657.78,South,CUST-1122
ORD-11270,2024-02-22,Notebook,Stationery,4,5.22,East,CUST-1296
ORD-11401,2024-10-01,Monitor,Electronics,3,336.07,West,CUST-1027
ORD-11089,2024-01-12,Pen Set,Stationery,3,12.5,South,CUST-1067
ORD-10980,2024-04-15,Laptop,Electronics,3,944.95,South,CUST-1155
ORD-10622,2024-09-30,Pen Set,Stationery,2,13.11,East,CUST-1164
ORD-10880,2024-07-10,Desk Chair,Furniture,2,253.4,West,CUST-1057
ORD-10937,2024-04-02,Pen Set,Stationery,5,12.14,South,CUST-1099
ORD-10615,2024-11-13,Mouse,Electronics,1,38.82,North,CUST-1061
ORD-10809,2024-10-03,Notebook,Stationery,3,4.9,East,CUST-1276
ORD-10031,2024-03-08,Backpack,Accessories,5,59.18,South,CUST-1242
ORD-10668,2024-09-04,Smartphone,Electronics,5,712.0,East,CUST-1296
ORD-10798,2024-05-26,Smartphone,Electronics,4,696.32,North,CUST-1085
ORD-10424,2024-08-08,Standing Desk,Furniture,5,414.18,East,CUST-1102
ORD-10390,2024-05-05,Pen Set,Stationery,4,12.76,South,CUST-1172
ORD-10911,2024-08-19,Notebook,Stationery,4,5.11,East,CUST-1125
ORD-11307,2024-04-30,Smartphone,Electronics,5,689.38,North,CUST-1273
ORD-10266,2024-12-02,Monitor,Electronics,1,335.18,East,CUST-1170
ORD-10508,2024-05-07,Smartphone,Electronics,4,726.15,East,CUST-1039
ORD-10523,2024-03-02,Smartphone,Electronics,5,667.61,North,CUST-1231
ORD-11285,2024-02-23,Headphones,Electronics,1,155.84,West,CUST-1234
ORD-10346,2024-10-17,Standing Desk,Furniture,2,416.84,North,CUST-1207
ORD-10160,2024-01-29,Standing Desk,Furniture,3,429.19,East,CUST-1125
ORD-11338,2024-09-17,Headphones,Electronics,5,143.65,North,CUST-1031
ORD-10267,2024-06-29,Pen Set,Stationery,5,12.35,West,CUST-1237
ORD-10825,2024-07-19,Laptop,Electronics,1,981.47,South,CUST-1128
ORD-10993,2024-07-07,Pen Set,Stationery,1,12.82,South,CUST-1040
ORD-11009,2024-09-28,Laptop,Electronics,4,901.77,East,CUST-1229
ORD-11391,2024-06-18,Monitor,Electronics,4,307.15,East,CUST-1003
ORD-10271,2024-11-27,Smartphone,Electronics,2,660.03,East,CUST-1024
ORD-10328,2024-12-14,Smartphone,Electronics,3,694.05,South,CUST-1126
ORD-11188,2024-04-30,Smartphone,Electronics,4,655.03,East,CUST-1014
ORD-11490,2024-02-17,Desk Chair,Furniture,4,239.9,North,CUST-1041
ORD-10189,2024-04-20,Backpack,Accessories,2,56.95,South,CUST-1001
ORD-10807,2024-05-25,Headphones,Electronics,4,149.09,East,CUST-1087
ORD-10560,2024-10-22,Mouse,Electronics,2,36.97,West,CUST-1017
ORD-10479,2024-12-26,Laptop,Electronics,1,900.15,East,CUST-1067
ORD-10060,2024-07-29,Backpack,Accessories,2,56.39,West,CUST-1055
ORD-11185,2024-11-16,Notebook,Stationery,1,4.88,West,CUST-1075
ORD-10770,2024-02-07,Pen Set,Stationery,5,12.26,North,CUST-1262
ORD-10904,2024-12-18,Laptop,Electronics,4,920.1,North,CUST-1240
ORD-11275,2024-01-11,Headphones,Electronics,2,141.47,North,CUST-1176
ORD-10538,2024-12-31,Smartphone,Electronics,3,680.36,East,CUST-1176
ORD-11077,2024-11-09,Laptop,Electronics,5,986.27,North,CUST-1041
ORD-10697,2024-11-29,Smartphone,Electronics,2,663.62,West,CUST-1049
ORD-10480,2024-09-22,Laptop,Electronics,4,901.38,East,CUST-1061
ORD-11186,2024-12-16,Notebook,Stationery,3,5.12,South,CUST-1032
ORD-10195,2024-11-25,Monitor,Electronics,1,300.0,South,CUST-1205
ORD-10757,2024-12-27,Laptop,Electronics,4,1010.36,North,CUST-1060
ORD-10929,2024-04-01,Backpack,Accessories,2,60.04,East,CUST-1293
ORD-10970,2024-02-22,Laptop,Electronics,4,1022.62,South,CUST-1166
ORD-11395,2024-10-10,Pen Set,Stationery,2,12.04,West,CUST-1134
ORD-10215,2024-09-19,Laptop,Electronics,1,951.77,East,CUST-1249
ORD-10991,2024-10-22,Desk Chair,Furniture,4,256.74,South,CUST-1256
ORD-10029,2024-10-10,Laptop,Electronics,2,,South,CUST-1030
ORD-10053,2024-08-04,Headphones,Electronics,3,135.98,East,CUST-1066
ORD-11211,2024-02-12,Pen Set,Stationery,1,12.0,South,CUST-1066
ORD-11441,2024-04-21,Smartphone,Electronics,4,673.17,North,CUST-1062
ORD-11152,2024-07-24,Mouse,Electronics,5,41.85,South,CUST-1086
ORD-10930,2024-03-31,Backpack,Accessories,4,60.73,East,CUST-1018
ORD-10408,2024-07-18,Notebook,Stationery,5,4.74,South,CUST-1071
ORD-11370,2024-06-08,Headphones,Electronics,1,149.07,North,CUST-1245
ORD-11010,2024-06-10,Monitor,Electronics,5,330.79,East,CUST-1272
ORD-11020,2024-05-21,Mouse,Electronics,4,40.14,East,CUST-1165
ORD-11463,2024-11-21,Backpack,Accessories,3,62.79,West,CUST-1034
ORD-11237,2024-07-01,Standing Desk,Furniture,5,437.74,West,CUST-1075
ORD-10858,2024-10-15,Laptop,Electronics,5,932.08,East,CUST-1130
ORD-11028,2024-07-25,Desk Chair,Furniture,1,,South,CUST-1246
ORD-11393,2024-11-19,Monitor,Electronics,5,342.17,North,CUST-1015
ORD-10774,2024-04-27,Laptop,Electronics,3,961.85,East,CUST-1274
ORD-11468,2024-11-02,Backpack,Accessories,4,60.64,East,CUST-1142
ORD-11288,2024-03-21,Monitor,Electronics,3,332.04,East,CUST-1255
ORD-11022,2024-05-12,Mouse,Electronics,3,37.06,East,CUST-1102
ORD-10669,2024-03-06,Laptop,Electronics,1,958.1,North,CUST-1164
ORD-10428,2024-08-24,Laptop,Electronics,2,965.76,South,CUST-1035
ORD-10354,2024-12-06,Smartphone,Electronics,2,709.99,East,CUST-1041
ORD-10744,2024-02-05,Headphones,Electronics,2,143.5,South,CUST-1008
ORD-11223,2024-05-07,Smartphone,Electronics,3,691.19,North,CUST-1043
ORD-10433,2024-12-02,Laptop,Electronics,3,924.94,North,CUST-1288
ORD-10801,2024-07-21,Smartphone,Electronics,3,723.2,South,CUST-1185
ORD-10593,2024-05-07,Pen Set,Stationery,1,12.58,North,CUST-1101
ORD-10973,2024-12-21,Headphones,Electronics,5,144.69,North,CUST-1290
ORD-11165,2024-02-26,Smartphone,Electronics,5,700.87,North,CUST-1276
ORD-11059,2024-12-12,Laptop,Electronics,3,934.5,West,CUST-1116
ORD-10232,2024-02-09,Monitor,Electronics,1,327.43,South,CUST-1236
ORD-10601,2024-12-29,Laptop,Electronics,3,963.56,South,CUST-1178
ORD-11291,2024-08-30,Standing Desk,Furniture,3,424.35,South,CUST-1136
ORD-11446,2024-08-25,Backpack,Accessories,4,58.14,East,CUST-1124
ORD-10612,2024-04-03,Headphones,Electronics,3,149.71,East,CUST-1114
ORD-10476,2024-12-18,Laptop,Electronics,2,1032.31,West,CUST-1140
ORD-10205,2024-12-06,Smartphone,Electronics,4,721.14,West,CUST-1147
ORD-10363,2024-11-26,Laptop,Electronics,4,956.16,East,CUST-1229
ORD-11151,2024-07-21,Standing Desk,Furniture,4,440.27,South,CUST-1061
ORD-10361,2024-08-04,Laptop,Electronics,3,1005.05,East,CUST-1030
ORD-10055,2024-02-27,Smartphone,Electronics,1,729.22,North,CUST-1076
ORD-11305,2024-07-09,Backpack,Accessories,3,59.63,North,CUST-1024
ORD-10357,2024-08-14,Headphones,Electronics,1,150.3,West,CUST-1250
ORD-10410,2024-04-28,Backpack,Accessories,1,57.06,North,CUST-1203
ORD-11355,2024-07-02,Backpack,Accessories,4,55.59,South,CUST-1004
ORD-11191,2024-05-22,Mouse,Electronics,5,37.05,South,CUST-1248
ORD-11444,2024-12-11,Backpack,Accessories,4,57.42,West,CUST-1099
ORD-11287,2024-01-22,Smartphone,Electronics,5,641.06,East,CUST-1105
ORD-10546,2024-11-04,Notebook,Stationery,2,4.51,South,CUST-1169
ORD-10830,2024-05-09,Notebook,Stationery,4,4.97,South,CUST-1026
ORD-10965,2024-08-26,Notebook,Stationery,5,4.59,East,CUST-1239
ORD-11154,2024-08-05,Laptop,Electronics,4,941.77,South,CUST-1297
ORD-11456,2024-06-16,Pen Set,Stationery,3,12.79,West,CUST-1106
ORD-10708,2024-01-06,Laptop,Electronics,5,1031.2,North,CUST-1021
ORD-10229,2024-11-15,Laptop,Electronics,3,1029.63,North,CUST-1077
ORD-10642,2024-03-11,Smartphone,Electronics,2,664.5,South,CUST-1137
ORD-10193,2024-02-02,Smartphone,Electronics,4,677.06,North,CUST-1055
ORD-11262,2024-01-03,Backpack,Accessories,4,55.04,North,CUST-1244
ORD-10078,2024-12-01,Notebook,Stationery,1,5.16,East,CUST-1054
ORD-11404,2024-11-26,Headphones,Electronics,5,143.41,East,CUST-1091
ORD-11340,2024-01-10,Smartphone,Electronics,3,688.17,West,CUST-1051
ORD-11156,2024-09-18,Desk Chair,Furniture,3,230.52,East,CUST-1062
ORD-10108,2024-09-10,Smartphone,Electronics,3,649.08,East,CUST-1132
ORD-11279,2024-03-07,Laptop,Electronics,2,929.91,South,CUST-1051
ORD-11301,2024-06-03,Pen Set,Stationery,1,11.76,South,CUST-1064
ORD-11286,2024-02-26,Smartphone,Electronics,1,712.06,South,CUST-1052
ORD-10832,2024-05-21,Monitor,Electronics,5,302.91,West,CUST-1004
ORD-11328,2024-11-12,Backpack,Accessories,5,59.18,West,CUST-1291
ORD-11034,2024-04-08,Smartphone,Electronics,1,705.56,South,CUST-1250
ORD-11043,2024-04-13,Laptop,Electronics,4,950.59,East,CUST-1205
ORD-10456,2024-01-16,Notebook,Stationery,2,4.71,South,CUST-1275
ORD-10542,2024-01-29,Monitor,Electronics,2,325.49,South,CUST-1198
ORD-11088,2024-12-22,Smartphone,Electronics,2,682.1,East,CUST-1266
ORD-11111,2024-05-27,Laptop,Electronics,2,1020.84,North,CUST-1217
ORD-10376,2024-06-12,Notebook,Stationery,4,4.8,South,CUST-1094
ORD-10349,2024-05-16,Smartphone,Electronics,3,661.69,South,CUST-1005
ORD-11488,2024-07-04,Backpack,Accessories,1,60.27,North,CUST-1133
ORD-11066,2024-10-10,Notebook,Stationery,2,4.56,South,CUST-1250
ORD-10406,2024-01-17,Laptop,Electronics,2,1039.3,West,CUST-1106
ORD-10340,2024-03-30,Backpack,Accessories,4,61.93,North,CUST-1018
ORD-11132,2024-12-19,Notebook,Stationery,3,4.6,East,CUST-1267
ORD-10951,2024-03-30,Pen Set,Stationery,1,12.42,North,CUST-1103
ORD-10434,2024-12-12,Mouse,Electronics,4,41.79,West,CUST-1220
ORD-11310,2024-04-08,Backpack,Accessories,3,58.08,West,CUST-1217
ORD-10545,2024-09-09,Monitor,Electronics,5,312.29,East,CUST-1046
ORD-10682,2024-01-25,Pen Set,Stationery,4,12.45,North,CUST-1160
ORD-10711,2024-04-04,Laptop,Electronics,2,992.52,North,CUST-1058
ORD-11124,2024-05-29,Notebook,Stationery,5,4.97,North,CUST-1099
ORD-10836,2024-06-11,Mouse,Electronics,5,40.72,East,CUST-1224
ORD-10250,2024-05-24,Pen Set,Stationery,4,12.67,South,CUST-1082
ORD-10318,2024-11-09,Desk Chair,Furniture,3,231.08,North,CUST-1153
ORD-11093,2024-06-04,Mouse,Electronics,5,36.78,East,CUST-1087
ORD-10870,2024-03-17,Backpack,Accessories,3,58.51,East,CUST-1025
ORD-10986,2024-07-15,Smartphone,Electronics,3,718.19,South,CUST-1064
ORD-10673,2024-10-10,Headphones,Electronics,2,139.51,South,CUST-1148
ORD-10848,2024-04-16,Laptop,Electronics,4,1039.25,North,CUST-1239
ORD-10370,2024-02-04,Desk Chair,Furniture,1,247.26,South,CUST-1024
ORD-11249,2024-06-07,Monitor,Electronics,5,303.49,South,CUST-1188
ORD-10083,2024-05-06,Smartphone,Electronics,3,710.4,North,CUST-1122
ORD-11421,2024-08-18,Mouse,Electronics,5,36.17,West,CUST-1065
ORD-10261,2024-09-12,Monitor,Electronics,5,323.52,West,CUST-1294
ORD-10283,2024-01-14,Headphones,Electronics,2,146.22,South,CUST-1287
ORD-11484,2024-07-10,Monitor,Electronics,4,321.22,South,CUST-1036
ORD-11326,2024-01-24,Headphones,Electronics,4,151.55,North,CUST-1084
ORD-11246,2024-11-04,Pen Set,Stationery,4,11.87,South,CUST-1122
ORD-10537,2024-09-26,Monitor,Electronics,2,328.21,South,CUST-1009
ORD-10417,2024-07-27,Desk Chair,Furniture,1,225.98,South,CUST-1047
ORD-11349,2024-06-11,Backpack,Accessories,3,59.71,East,CUST-1231
ORD-10217,2024-06-03,Laptop,Electronics,2,1015.09,East,CUST-1148
ORD-10110,2024-07-27,Notebook,Stationery,4,4.91,East,CUST-1243
ORD-10577,2024-03-26,Notebook,Stationery,2,5.1,East,CUST-1216
ORD-10971,2024-02-06,Backpack,Accessories,3,58.78,East,CUST-1211
ORD-10171,2024-08-13,Smartphone,Electronics,1,690.85,South,CUST-1046
ORD-11367,2024-04-24,Monitor,Electronics,1,310.75,East,CUST-1229
ORD-10624,2024-06-25,Mouse,Electronics,3,36.76,East,CUST-1156
ORD-11176,2024-12-07,Notebook,Stationery,3,4.62,West,CUST-1223
ORD-10018,2024-08-04,Smartphone,Electronics,5,636.66,North,CUST-1239
ORD-10987,2024-02-06,Smartphone,Electronics,1,645.11,West,CUST-1223
ORD-10281,2024-12-13,Laptop,Electronics,4,1042.31,North,CUST-1039
ORD-10886,2024-12-22,Mouse,Electronics,5,37.62,West,CUST-1004
ORD-11449,2024-03-27,Headphones,Electronics,1,,North,CUST-1139
ORD-11197,2024-04-21,Mouse,Electronics,2,36.63,South,CUST-1140
ORD-10030,2024-01-17,Headphones,Electronics,3,136.59,North,CUST-1248
ORD-10733,2024-06-29,Monitor,Electronics,3,321.09,South,CUST-1003
ORD-10207,2024-02-25,Notebook,Stationery,3,5.12,South,CUST-1142
ORD-10975,2024-02-28,Laptop,Electronics,5,989.4,North,CUST-1049
ORD-11220,2024-05-16,Notebook,Stationery,3,5.05,South,CUST-1220
ORD-10815,2024-08-08,Pen Set,Stationery,3,12.85,South,CUST-1280
ORD-10427,2024-10-15,Smartphone,Electronics,2,692.17,North,CUST-1281
ORD-11315,2024-08-22,Notebook,Stationery,2,5.22,East,CUST-1270
ORD-10377,2024-08-30,Laptop,Electronics,2,1027.39,East,CUST-1073
ORD-11123,2024-01-28,Laptop,Electronics,3,954.16,West,CUST-1182
ORD-10185,2024-07-04,Laptop,Electronics,1,1047.13,North,CUST-1183
ORD-10906,2024-04-25,Smartphone,Electronics,1,672.89,North,CUST-1138
ORD-11437,2024-08-21,Backpack,Accessories,3,60.29,South,CUST-1152
ORD-10903,2024-11-09,Notebook,Stationery,2,4.94,North,CUST-1013
ORD-11467,2024-04-13,Pen Set,Stationery,2,12.42,North,CUST-1121
ORD-11106,2024-05-22,Laptop,Electronics,2,903.37,West,CUST-1228
ORD-11161,2024-05-13,Notebook,Stationery,5,4.75,South,CUST-1279
ORD-10080,2024-05-07,Headphones,Electronics,1,145.26,East,CUST-1271
ORD-11173,2024-08-04,Pen Set,Stationery,5,12.69,South,CUST-1010
ORD-10046,2024-12-09,Pen Set,Stationery,3,12.58,East,CUST-1037
ORD-11114,2024-07-28,Smartphone,Electronics,3,673.51,South,CUST-1290
ORD-10152,2024-08-30,Pen Set,Stationery,4,12.44,West,CUST-1077
ORD-11036,2024-01-09,Smartphone,Electronics,1,665.62,West,CUST-1021
ORD-11354,2024-12-09,Laptop,Electronics,4,1000.83,South,CUST-1192
ORD-10966,2024-06-07,Notebook,Stationery,4,4.84,East,CUST-1073
ORD-11053,2024-10-03,Mouse,Electronics,5,37.31,West,CUST-1106
ORD-10813,2024-01-01,Smartphone,Electronics,5,715.6,South,CUST-1176
ORD-11230,2024-06-22,Monitor,Electronics,4,303.52,West,CUST-1271
ORD-11481,2024-08-25,Headphones,Electronics,3,145.2,West,CUST-1246
ORD-10522,2024-10-26,Mouse,Electronics,1,36.92,East,CUST-1238
ORD-10176,2024-10-12,Notebook,Stationery,3,4.56,North,CUST-1135
ORD-11494,2024-07-22,Pen Set,Stationery,3,11.7,West,CUST-1251
ORD-11248,2024-05-25,Notebook,Stationery,2,4.58,West,CUST-1221
ORD-10420,2024-05-17,Laptop,Electronics,3,940.25,East,CUST-1085
ORD-10520,2024-03-07,Standing Desk,Furniture,2,424.68,East,CUST-1201
ORD-11146,2024-06-09,Smartphone,Electronics,1,678.91,South,CUST-1253
ORD-10359,2024-10-15,Laptop,Electronics,1,983.81,East,CUST-1157
ORD-11177,2024-11-21,Pen Set,Stationery,1,13.33,North,CUST-1147
ORD-11199,2024-08-04,Notebook,Stationery,4,5.0,East,CUST-1074
ORD-10342,2024-01-05,Mouse,Electronics,3,39.4,East,CUST-1171
ORD-11041,2024-02-19,Desk Chair,Furniture,4,247.91,West,CUST-1032
ORD-10521,2024-06-16,Smartphone,Electronics,3,677.53,East,CUST-1103
ORD-10706,2024-12-04,Smartphone,Electronics,1,679.76,North,CUST-1069
ORD-10591,2024-09-20,Notebook,Stationery,2,4.54,West,CUST-1206
ORD-11448,2024-01-10,Standing Desk,Furniture,5,411.78,South,CUST-1273
ORD-10636,2024-07-02,Backpack,Accessories,4,56.65,North,CUST-1254
ORD-10747,2024-02-17,Notebook,Stationery,4,4.98,East,CUST-1276
ORD-10239,2024-12-02,Monitor,Electronics,5,340.22,South,CUST-1298
ORD-11233,2024-05-15,Headphones,Electronics,5,142.03,North,CUST-1161
ORD-10867,2024-01-29,Laptop,Electronics,3,952.18,West,CUST-1213
ORD-10771,2024-10-02,Notebook,Stationery,5,4.68,North,CUST-1193
ORD-10897,2024-03-08,Laptop,Electronics,2,997.86,North,CUST-1103
ORD-10621,2024-11-20,Pen Set,Stationery,4,12.48,West,CUST-1196
ORD-11480,2024-06-02,Smartphone,Electronics,5,686.4,South,CUST-1089
ORD-10835,2024-11-26,Smartphone,Electronics,2,703.63,West,CUST-1064
ORD-10304,2024-06-12,Standing Desk,Furniture,3,470.83,East,CUST-1189
ORD-10888,2024-01-10,Pen Set,Stationery,3,13.38,South,CUST-1118
ORD-10394,2024-03-18,Desk Chair,Furniture,1,233.19,West,CUST-1030
ORD-10366,2024-04-24,Notebook,Stationery,1,5.06,South,CUST-1237
ORD-10051,2024-02-24,Smartphone,Electronics,5,646.31,South,CUST-1107
ORD-10561,2024-06-12,Mouse,Electronics,3,41.7,East,CUST-1087
ORD-11096,2024-05-26,Pen Set,Stationery,2,13.59,East,CUST-1078
ORD-10308,2024-09-12,Laptop,Electronics,5,970.01,North,CUST-1254
ORD-10928,2024-11-04,Pen Set,Stationery,3,12.34,South,CUST-1055
ORD-11469,2024-01-21,Monitor,Electronics,5,336.18,North,CUST-1147
ORD-10106,2024-10-30,Notebook,Stationery,3,4.73,North,CUST-1044
ORD-10459,2024-01-22,Pen Set,Stationery,4,12.76,North,CUST-1052
ORD-10696,2024-07-10,Smartphone,Electronics,5,714.29,South,CUST-1022
ORD-10097,2024-11-14,Smartphone,Electronics,2,655.04,South,CUST-1058
ORD-11284,2024-10-12,Backpack,Accessories,3,62.06,West,CUST-1263
ORD-11472,2024-07-14,Pen Set,Stationery,5,12.32,North,CUST-1003
ORD-11375,2024-12-21,Smartphone,Electronics,1,712.17,East,CUST-1226
ORD-10262,2024-03-14,Backpack,Accessories,3,57.85,South,CUST-1123
ORD-10983,2024-10-13,Smartphone,Electronics,3,641.51,South,CUST-1015
ORD-10292,2024-06-11,Notebook,Stationery,1,4.83,North,CUST-1176
ORD-10847,2024-12-25,Smartphone,Electronics,5,656.86,North,CUST-1036
ORD-10950,2024-05-01,Notebook,Stationery,3,4.83,North,CUST-1110
ORD-10703,2024-07-18,Backpack,Accessories,1,58.8,East,CUST-1032
ORD-11222,2024-07-28,Desk Chair,Furniture,2,226.07,South,CUST-1120
ORD-10373,2024-12-10,Smartphone,Electronics,3,654.87,South,CUST-1266
ORD-10282,2024-09-28,Headphones,Electronics,3,143.95,East,CUST-1127
ORD-11439,2024-12-03,Standing Desk,Furniture,2,452.14,North,CUST-1022
ORD-10734,2024-03-12,Mouse,Electronics,4,36.98,East,CUST-1143
ORD-10123,2024-11-12,Headphones,Electronics,2,152.44,West,CUST-1226
ORD-10323,2024-12-14,Standing Desk,Furniture,2,407.12,East,CUST-1056
ORD-10288,2024-09-17,Laptop,Electronics,2,918.2,West,CUST-1071
ORD-11100,2024-01-13,Monitor,Electronics,4,343.08,North,CUST-1234
ORD-10731,2024-05-14,Laptop,Electronics,5,981.64,East,CUST-1193
ORD-11276,2024-09-16,Backpack,Accessories,2,59.28,West,CUST-1239
ORD-10351,2024-12-17,Smartphone,Electronics,5,726.92,North,CUST-1159
ORD-10167,2024-12-24,Laptop,Electronics,3,903.28,North,CUST-1202
ORD-11094,2024-04-26,Backpack,Accessories,4,57.34,East,CUST-1024
ORD-10611,2024-02-19,Desk Chair,Furniture,4,229.79,West,CUST-1286
ORD-11400,2024-08-07,Backpack,Accessories,2,62.28,West,CUST-1300
ORD-10206,2024-06-29,Monitor,Electronics,1,325.6,East,CUST-1246
ORD-10607,2024-12-14,Notebook,Stationery,2,5.03,North,CUST-1151
ORD-11117,2024-01-02,Notebook,Stationery,2,4.69,East,CUST-1241
ORD-10137,2024-03-23,Standing Desk,Furniture,3,432.78,South,CUST-1205
ORD-11080,2024-11-27,Notebook,Stationery,5,5.02,East,CUST-1104
ORD-10995,2024-11-18,Pen Set,Stationery,1,13.02,North,CUST-1296
ORD-11321,2024-10-07,Backpack,Accessories,3,54.6,East,CUST-1246
ORD-11189,2024-06-07,Desk Chair,Furniture,4,243.19,East,CUST-1216
ORD-10691,2024-09-15,Monitor,Electronics,2,317.58,North,CUST-1047
ORD-10494,2024-07-22,Smartphone,Electronics,5,660.07,East,CUST-1212
ORD-10529,2024-02-01,Desk Chair,Furniture,2,229.89,East,CUST-1190
ORD-10196,2024-02-25,Headphones,Electronics,4,151.02,East,CUST-1041
ORD-10896,2024-10-20,Standing Desk,Furniture,2,433.78,East,CUST-1168
ORD-11215,2024-10-19,Notebook,Stationery,2,4.51,West,CUST-1285
ORD-10712,2024-10-17,Monitor,Electronics,1,339.13,West,CUST-1281
ORD-10500,2024-12-28,Laptop,Electronics,2,1005.21,South,CUST-1177
ORD-10507,2024-01-19,Pen Set,Stationery,5,13.26,West,CUST-1214
ORD-10010,2024-04-17,Notebook,Stationery,3,5.02,North,CUST-1036
ORD-10144,2024-02-28,Smartphone,Electronics,4,729.43,East,CUST-1078
ORD-10861,2024-04-23,Smartphone,Electronics,2,719.84,North,CUST-1141
ORD-10278,2024-11-22,Laptop,Electronics,4,954.49,North,CUST-1081
ORD-10294,2024-01-29,Laptop,Electronics,1,977.71,North,CUST-1082
ORD-11232,2024-05-23,Notebook,Stationery,3,5.18,North,CUST-1134
ORD-10287,2024-06-02,Mouse,Electronics,2,40.26,West,CUST-1089
ORD-11264,2024-12-19,Laptop,Electronics,4,1020.69,West,CUST-1069
ORD-10805,2024-01-14,Mouse,Electronics,4,39.13,East,CUST-1053
ORD-11039,2024-01-10,Monitor,Electronics,4,341.89,East,CUST-1124
ORD-11385,2024-01-05,Laptop,Electronics,5,987.96,North,CUST-1029
ORD-10609,2024-06-24,Notebook,Stationery,2,5.0,North,CUST-1243
ORD-10126,2024-02-08,Mouse,Electronics,2,36.01,South,CUST-1240
ORD-10584,2024-05-15,Laptop,Electronics,4,998.21,South,CUST-1242
ORD-10327,2024-06-09,Desk Chair,Furniture,2,242.23,North,CUST-1279
ORD-10319,2024-09-16,Smartphone,Electronics,5,685.89,South,CUST-1153
ORD-10685,2024-04-09,Monitor,Electronics,3,319.21,North,CUST-1038
ORD-10487,2024-11-03,Laptop,Electronics,5,1008.17,North,CUST-1013
ORD-11460,2024-07-29,Smartphone,Electronics,3,710.58,East,CUST-1052
ORD-10132,2024-08-12,Mouse,Electronics,1,39.58,East,CUST-1165
ORD-10961,2024-05-25,Notebook,Stationery,5,4.67,South,CUST-1173
ORD-10692,2024-04-19,Notebook,Stationery,3,4.74,South,CUST-1271
ORD-10844,2024-06-14,Notebook,Stationery,4,4.97,East,CUST-1267
ORD-10430,2024-08-04,Backpack,Accessories,4,54.66,South,CUST-1245
ORD-10663,2024-03-25,Smartphone,Electronics,4,644.74,East,CUST-1209
ORD-10661,2024-07-05,Mouse,Electronics,4,36.67,North,CUST-1113
ORD-10629,2024-07-06,Laptop,Electronics,1,956.27,East,CUST-1273
ORD-10670,2024-07-15,Smartphone,Electronics,4,732.84,South,CUST-1127
ORD-10155,2024-12-01,Headphones,Electronics,2,136.67,North,CUST-1135
ORD-11015,2024-12-16,Laptop,Electronics,4,952.72,East,CUST-1128
ORD-11295,2024-09-21,Backpack,Accessories,1,54.75,East,CUST-1084
ORD-11244,2024-01-23,Notebook,Stationery,5,5.2,South,CUST-1291
ORD-10348,2024-09-01,Smartphone,Electronics,3,,East,CUST-1196
ORD-10746,2024-11-10,Smartphone,Electronics,5,634.09,North,CUST-1257
ORD-11298,2024-06-09,Smartphone,Electronics,3,630.82,South,CUST-1270
ORD-10599,2024-12-15,Pen Set,Stationery,1,12.61,North,CUST-1088
ORD-10590,2024-04-18,Monitor,Electronics,4,333.67,South,CUST-1191
ORD-10596,2024-06-28,Headphones,Electronics,3,138.67,East,CUST-1046
ORD-10643,2024-02-17,Laptop,Electronics,3,1022.23,South,CUST-1205
ORD-10192,2024-01-09,Pen Set,Stationery,2,12.21,East,CUST-1215
ORD-11254,2024-08-27,Backpack,Accessories,4,54.7,West,CUST-1153
ORD-10516,2024-05-01,Smartphone,Electronics,4,681.65,North,CUST-1072
ORD-10405,2024-01-24,Monitor,Electronics,1,330.87,West,CUST-1278
ORD-10093,2024-05-13,Backpack,Accessories,4,56.94,East,CUST-1172
ORD-11017,2024-11-22,Notebook,Stationery,1,5.02,South,CUST-1066
ORD-10153,2024-01-19,Standing Desk,Furniture,2,438.89,South,CUST-1051
ORD-10414,2024-03-19,Pen Set,Stationery,4,13.08,South,CUST-1199
ORD-10918,2024-06-14,Laptop,Electronics,2,1007.75,South,CUST-1058
ORD-10471,2024-02-17,Notebook,Stationery,4,4.97,West,CUST-1032
ORD-10614,2024-08-25,Monitor,Electronics,1,320.28,South,CUST-1298
ORD-10913,2024-08-13,Laptop,Electronics,4,1032.65,West,CUST-1146
ORD-11219,2024-08-20,Standing Desk,Furniture,4,412.99,North,CUST-1097
ORD-10442,2024-03-22,Backpack,Accessories,3,59.03,North,CUST-1118
ORD-10175,2024-02-08,Standing Desk,Furniture,2,455.9,West,CUST-1203
ORD-10386,2024-06-06,Laptop,Electronics,3,953.94,South,CUST-1238
ORD-11332,2024-01-12,Notebook,Stationery,3,4.82,South,CUST-1270
ORD-10646,2024-03-22,Notebook,Stationery,1,4.8,East,CUST-1291
ORD-11323,2024-11-06,Monitor,Electronics,2,334.71,South,CUST-1235
ORD-11038,2024-10-23,Smartphone,Electronics,2,727.1,South,CUST-1072
ORD-10579,2024-05-12,Mouse,Electronics,3,41.45,North,CUST-1034
ORD-10851,2024-06-04,Smartphone,Electronics,1,729.17,South,CUST-1049
ORD-11335,2024-01-31,Notebook,Stationery,5,5.21,South,CUST-1029
ORD-11374,2024-10-23,Backpack,Accessories,1,54.76,East,CUST-1017
ORD-11163,2024-07-11,Backpack,Accessories,4,58.13,North,CUST-1285
ORD-10660,2024-08-20,Smartphone,Electronics,3,688.81,North,CUST-1242
ORD-10290,2024-10-09,Desk Chair,Furniture,2,247.94,West,CUST-1158
ORD-10548,2024-03-16,Smartphone,Electronics,5,703.98,North,CUST-1056
ORD-10876,2024-02-06,Laptop,Electronics,3,1016.51,North,CUST-1294
ORD-10085,2024-03-18,Pen Set,Stationery,2,12.44,North,CUST-1109
ORD-11314,2024-09-07,Desk Chair,Furniture,4,255.88,South,CUST-1065
ORD-10936,2024-11-10,Headphones,Electronics,5,146.16,West,CUST-1254
ORD-10969,2024-08-24,Desk Chair,Furniture,2,235.58,North,CUST-1294
ORD-11380,2024-06-17,Laptop,Electronics,5,928.86,North,CUST-1034
ORD-11387,2024-04-13,Standing Desk,Furniture,1,428.05,South,CUST-1239
ORD-10701,2024-01-28,Laptop,Electronics,2,1019.12,East,CUST-1294
ORD-10949,2024-06-06,Headphones,Electronics,3,150.96,East,CUST-1044
ORD-10286,2024-12-15,Smartphone,Electronics,3,700.11,East,CUST-1281
ORD-11418,2024-09-19,Monitor,Electronics,2,339.83,North,CUST-1107
ORD-10605,2024-05-21,Headphones,Electronics,3,154.37,South,CUST-1152
ORD-10344,2024-08-27,Pen Set,Stationery,3,12.07,North,CUST-1083
ORD-10572,2024-03-18,Smartphone,Electronics,1,638.99,West,CUST-1277
ORD-11412,2024-05-15,Smartphone,Electronics,1,667.7,West,CUST-1256
ORD-10695,2024-02-28,Smartphone,Electronics,4,656.93,North,CUST-1012
ORD-10834,2024-09-12,Laptop,Electronics,1,1002.88,East,CUST-1030
ORD-10604,2024-10-31,Smartphone,Electronics,5,659.67,West,CUST-1246
ORD-10453,2024-08-18,Backpack,Accessories,5,54.47,South,CUST-1004
ORD-10371,2024-01-23,Pen Set,Stationery,4,12.55,South,CUST-1028
ORD-10329,2024-06-01,Notebook,Stationery,2,5.2,East,CUST-1147
ORD-10762,2024-09-23,Desk Chair,Furniture,3,251.68,North,CUST-1089
ORD-11325,2024-12-06,Smartphone,Electronics,5,673.0,South,CUST-1202
ORD-11371,2024-01-13,Smartphone,Electronics,5,713.7,North,CUST-1128
ORD-11389,2024-03-24,Desk Chair,Furniture,1,242.03,North,CUST-1021
ORD-11482,2024-03-10,Mouse,Electronics,4,37.17,East,CUST-1002
ORD-10324,2024-08-13,Backpack,Accessories,3,57.76,South,CUST-1104
ORD-10314,2024-11-15,Laptop,Electronics,5,917.81,North,CUST-1201
ORD-11153,2024-04-11,Laptop,Electronics,3,930.03,East,CUST-1206
ORD-11149,2024-07-27,Laptop,Electronics,3,1047.73,South,CUST-1035
ORD-10012,2024-11-23,Headphones,Electronics,5,139.93,East,CUST-1028
ORD-10168,2024-10-16,Mouse,Electronics,1,41.45,East,CUST-1146
ORD-10256,2024-06-12,Mouse,Electronics,1,41.02,West,CUST-1074
ORD-11135,2024-02-10,Laptop,Electronics,4,1003.61,South,CUST-1039
ORD-11207,2024-06-19,Standing Desk,Furniture,4,464.17,West,CUST-1082
ORD-10802,2024-09-23,Laptop,Electronics,4,962.09,South,CUST-1011
ORD-10135,2024-11-29,Backpack,Accessories,4,62.23,East,CUST-1299
ORD-10543,2024-03-29,Notebook,Stationery,2,4.67,North,CUST-1183
ORD-10698,2024-10-02,Desk Chair,Furniture,5,225.27,North,CUST-1109
ORD-11317,2024-03-01,Pen Set,Stationery,5,13.35,East,CUST-1189
ORD-10808,2024-12-05,Monitor,Electronics,3,339.58,East,CUST-1243
ORD-10552,2024-10-28,Monitor,Electronics,2,315.72,North,CUST-1150
ORD-10136,2024-09-08,Mouse,Electronics,1,38.81,West,CUST-1164
ORD-11312,2024-02-09,Headphones,Electronics,3,150.22,West,CUST-1286
ORD-10992,2024-10-06,Laptop,Electronics,5,955.04,North,CUST-1290
ORD-10220,2024-01-22,Laptop,Electronics,4,902.8,West,CUST-1160
ORD-10592,2024-09-25,Laptop,Electronics,5,904.33,West,CUST-1102
ORD-10404,2024-04-27,Desk Chair,Furniture,2,258.79,North,CUST-1290
ORD-10321,2024-12-18,Smartphone,Electronics,1,692.67,South,CUST-1296
ORD-10295,2024-12-29,Laptop,Electronics,2,951.89,East,CUST-1145
ORD-10891,2024-09-28,Desk Chair,Furniture,3,237.5,East,CUST-1080
ORD-10742,2024-07-29,Smartphone,Electronics,5,644.98,South,CUST-1093
ORD-10781,2024-10-21,Backpack,Accessories,3,58.41,North,CUST-1261
ORD-11390,2024-01-02,Laptop,Electronics,2,1003.97,West,CUST-1109
ORD-10952,2024-08-15,Pen Set,Stationery,5,11.74,North,CUST-1256
ORD-10877,2024-12-09,Monitor,Electronics,4,317.96,East,CUST-1164
ORD-10567,2024-08-06,Pen Set,Stationery,1,12.26,North,CUST-1245
ORD-10497,2024-07-19,Headphones,Electronics,5,149.26,North,CUST-1033
ORD-10767,2024-12-26,Smartphone,Electronics,1,726.5,North,CUST-1286
ORD-10003,2024-08-17,Laptop,Electronics,5,941.72,West,CUST-1081
ORD-11071,2024-05-03,Pen Set,Stationery,1,,South,CUST-1208
ORD-10462,2024-10-28,Headphones,Electronics,3,154.36,North,CUST-1219
ORD-10317,2024-09-22,Laptop,Electronics,4,922.33,South,CUST-1071
ORD-10005,2024-07-13,Laptop,Electronics,1,953.84,West,CUST-1135
ORD-11130,2024-09-26,Backpack,Accessories,5,60.4,East,CUST-1058
ORD-10541,2024-10-26,Headphones,Electronics,2,156.9,West,CUST-1123
ORD-11061,2024-01-28,Monitor,Electronics,4,304.17,South,CUST-1232
ORD-10038,2024-01-02,Backpack,Accessories,4,56.38,North,CUST-1232
ORD-10536,2024-09-02,Laptop,Electronics,1,913.15,North,CUST-1214
ORD-10238,2024-11-27,Laptop,Electronics,3,909.88,East,CUST-1197
ORD-10133,2024-01-14,Pen Set,Stationery,1,12.14,East,CUST-1294
ORD-11187,2024-07-30,Pen Set,Stationery,3,13.3,North,CUST-1131
ORD-10608,2024-08-02,Laptop,Electronics,4,958.23,East,CUST-1292
ORD-11343,2024-05-05,Laptop,Electronics,5,1042.88,South,CUST-1284
ORD-11200,2024-07-07,Headphones,Electronics,3,135.47,North,CUST-1017
ORD-11104,2024-03-12,Smartphone,Electronics,5,642.26,West,CUST-1112
ORD-11365,2024-11-28,Pen Set,Stationery,1,13.35,South,CUST-1208
ORD-10575,2024-12-31,Pen Set,Stationery,1,12.67,West,CUST-1292
ORD-11475,2024-02-10,Backpack,Accessories,4,60.51,East,CUST-1101
ORD-11479,2024-09-03,Smartphone,Electronics,1,709.99,East,CUST-1042
ORD-11388,2024-06-18,Laptop,Electronics,5,984.9,North,CUST-1153
ORD-10372,2024-05-28,Smartphone,Electronics,2,715.65,West,CUST-1163
ORD-10310,2024-01-26,Smartphone,Electronics,3,681.95,North,CUST-1240
ORD-10437,2024-01-13,Laptop,Electronics,4,915.67,North,CUST-1043
ORD-10315,2024-06-22,Pen Set,Stationery,5,13.52,West,CUST-1101
ORD-11118,2024-12-06,Mouse,Electronics,3,38.49,North,CUST-1125
ORD-10799,2024-06-21,Laptop,Electronics,4,994.68,West,CUST-1036
ORD-11131,2024-02-09,Mouse,Electronics,1,40.9,South,CUST-1245
ORD-10419,2024-10-13,Notebook,Stationery,2,4.92,East,CUST-1194
ORD-10547,2024-04-13,Smartphone,Electronics,2,665.77,North,CUST-1165
ORD-10588,2024-12-22,Pen Set,Stationery,1,13.59,North,CUST-1153
ORD-11027,2024-06-17,Backpack,Accessories,4,59.16,East,CUST-1251
ORD-10656,2024-10-20,Standing Desk,Furniture,4,410.93,East,CUST-1161
ORD-10931,2024-06-02,Smartphone,Electronics,3,668.69,South,CUST-1034
ORD-11218,2024-07-07,Headphones,Electronics,2,156.3,South,CUST-1269
ORD-11179,2024-10-23,Standing Desk,Furniture,1,444.94,North,CUST-1290
ORD-10223,2024-02-24,Monitor,Electronics,2,318.56,East,CUST-1040
ORD-11016,2024-01-13,Desk Chair,Furniture,5,228.44,West,CUST-1111
ORD-11158,2024-02-04,Smartphone,Electronics,4,701.19,South,CUST-1195
ORD-10984,2024-12-25,Smartphone,Electronics,5,671.39,North,CUST-1195
ORD-11424,2024-01-12,Notebook,Stationery,5,5.08,South,CUST-1078
ORD-10063,2024-02-05,Backpack,Accessories,3,57.15,West,CUST-1274
ORD-10389,2024-08-01,Pen Set,Stationery,3,11.99,East,CUST-1194
ORD-10573,2024-10-28,Backpack,Accessories,2,58.97,East,CUST-1267
ORD-11026,2024-03-17,Smartphone,Electronics,1,727.94,West,CUST-1136
ORD-10208,2024-08-07,Smartphone,Electronics,5,732.32,South,CUST-1285
ORD-11159,2024-06-16,Headphones,Electronics,2,141.8,South,CUST-1039
ORD-10787,2024-09-12,Smartphone,Electronics,4,652.1,North,CUST-1190
ORD-10530,2024-11-26,Mouse,Electronics,1,39.48,West,CUST-1038
ORD-10720,2024-11-26,Monitor,Electronics,5,301.05,North,CUST-1071
ORD-10853,2024-04-01,Notebook,Stationery,5,5.05,North,CUST-1054
ORD-10082,2024-10-07,Laptop,Electronics,4,1034.57,West,CUST-1243
ORD-11350,2024-12-05,Desk Chair,Furniture,3,237.8,West,CUST-1168
ORD-10268,2024-09-02,Backpack,Accessories,2,61.29,North,CUST-1234
ORD-10981,2024-08-10,Backpack,Accessories,3,62.9,South,CUST-1261
ORD-10665,2024-04-07,Notebook,Stationery,3,4.57,East,CUST-1063
ORD-11427,2024-02-25,Laptop,Electronics,3,985.42,South,CUST-1155
ORD-10623,2024-09-28,Laptop,Electronics,2,,North,CUST-1127
ORD-11029,2024-10-01,Notebook,Stationery,3,4.74,South,CUST-1028
ORD-11399,2024-03-07,Monitor,Electronics,2,306.48,North,CUST-1191
ORD-11466,2024-08-07,Laptop,Electronics,2,992.96,South,CUST-1191
ORD-10269,2024-04-13,Desk Chair,Furniture,1,254.66,North,CUST-1161
ORD-10726,2024-11-10,Mouse,Electronics,2,40.53,East,CUST-1081
ORD-10358,2024-09-18,Backpack,Accessories,4,61.27,West,CUST-1262
ORD-10616,2024-07-14,Smartphone,Electronics,5,661.32,North,CUST-1077
ORD-10002,2024-04-29,Smartphone,Electronics,5,693.2,North,CUST-1279
ORD-10006,2024-08-23,Backpack,Accessories,5,55.11,North,CUST-1040
ORD-10307,2024-03-22,Mouse,Electronics,3,41.59,West,CUST-1097
ORD-10791,2024-11-18,Standing Desk,Furniture,5,441.03,South,CUST-1249
ORD-10657,2024-09-11,Desk Chair,Furniture,1,228.84,East,CUST-1285
ORD-11084,2024-08-19,Pen Set,Stationery,4,12.67,South,CUST-1240
ORD-11478,2024-03-26,Pen Set,Stationery,4,12.55,West,CUST-1221
ORD-10212,2024-06-23,Laptop,Electronics,2,955.5,South,CUST-1290
ORD-10850,2024-12-28,Monitor,Electronics,1,337.76,South,CUST-1020
ORD-10026,2024-08-31,Mouse,Electronics,5,36.98,West,CUST-1216
ORD-11079,2024-02-26,Desk Chair,Furniture,4,238.7,East,CUST-1187
ORD-11105,2024-02-17,Pen Set,Stationery,3,11.8,East,CUST-1298
ORD-11195,2024-10-24,Headphones,Electronics,5,140.66,North,CUST-1121
ORD-10631,2024-02-29,Smartphone,Electronics,4,676.64,South,CUST-1129
ORD-10755,2024-12-14,Backpack,Accessories,4,60.78,East,CUST-1285
ORD-10833,2024-10-24,Smartphone,Electronics,4,702.27,West,CUST-1045
ORD-10618,2024-04-02,Mouse,Electronics,1,38.92,South,CUST-1090
ORD-10856,2024-11-03,Backpack,Accessories,4,62.39,South,CUST-1281
ORD-10252,2024-10-10,Pen Set,Stationery,1,13.08,North,CUST-1063
ORD-10024,2024-06-06,Standing Desk,Furniture,2,408.9,North,CUST-1040
ORD-10332,2024-03-15,Laptop,Electronics,3,906.3,North,CUST-1040
ORD-10566,2024-07-20,Laptop,Electronics,5,982.44,North,CUST-1027
ORD-10046,2024-12-09,Pen Set,Stationery,3,12.58,East,CUST-1037
ORD-10103,2024-11-27,Laptop,Electronics,3,901.89,East,CUST-1250
ORD-10345,2024-11-27,Smartphone,Electronics,3,,South,CUST-1172
ORD-10052,2024-04-14,Mouse,Electronics,3,39.02,North,CUST-1026
ORD-11336,2024-02-20,Pen Set,Stationery,3,11.97,North,CUST-1132
ORD-10210,2024-06-28,Backpack,Accessories,1,55.62,East,CUST-1205
ORD-10117,2024-07-03,Smartphone,Electronics,2,661.73,East,CUST-1064
ORD-10875,2024-11-29,Desk Chair,Furniture,5,232.34,North,CUST-1268
ORD-11216,2024-11-16,Monitor,Electronics,2,341.88,South,CUST-1101
ORD-10069,2024-06-02,Headphones,Electronics,5,141.95,West,CUST-1206
ORD-10785,2024-07-13,Notebook,Stationery,5,4.57,North,CUST-1132
ORD-11225,2024-12-28,Smartphone,Electronics,4,707.28,West,CUST-1048
ORD-10044,2024-01-21,Mouse,Electronics,5,36.48,South,CUST-1289
ORD-11266,2024-11-28,Smartphone,Electronics,2,698.21,North,CUST-1275
ORD-10517,2024-02-17,Laptop,Electronics,1,1038.18,East,CUST-1266
ORD-10874,2024-12-23,Pen Set,Stationery,2,13.18,North,CUST-1101
ORD-10796,2024-11-28,Laptop,Electronics,5,926.17,North,CUST-1181
ORD-10869,2024-11-19,Smartphone,Electronics,4,635.67,South,CUST-1163
ORD-10800,2024-06-24,Smartphone,Electronics,2,662.91,South,CUST-1136
ORD-10527,2024-05-13,Monitor,Electronics,2,298.53,South,CUST-1231
ORD-11136,2024-09-04,Desk Chair,Furniture,4,226.59,East,CUST-1262
ORD-10597,2024-07-16,Laptop,Electronics,1,924.43,West,CUST-1109
ORD-10460,2024-11-30,Mouse,Electronics,2,37.78,South,CUST-1230
ORD-11087,2024-04-01,Smartphone,Electronics,3,730.61,West,CUST-1084
ORD-11416,2024-10-05,Laptop,Electronics,3,901.27,South,CUST-1177
ORD-10782,2024-04-23,Backpack,Accessories,5,55.15,South,CUST-1216
ORD-10953,2024-06-23,Monitor,Electronics,4,333.25,South,CUST-1167
ORD-10057,2024-01-21,Notebook,Stationery,3,4.65,West,CUST-1052
ORD-10892,2024-12-16,Notebook,Stationery,3,4.76,West,CUST-1256
ORD-10089,2024-10-06,Mouse,Electronics,5,41.38,North,CUST-1139
ORD-10658,2024-02-16,Standing Desk,Furniture,5,470.0,East,CUST-1260
ORD-11411,2024-07-07,Notebook,Stationery,4,4.73,North,CUST-1091
ORD-10191,2024-01-14,Notebook,Stationery,2,4.5,West,CUST-1121
ORD-10276,2024-06-05,Notebook,Stationery,4,4.94,East,CUST-1227
ORD-10686,2024-03-29,Mouse,Electronics,5,36.71,South,CUST-1142
ORD-10355,2024-09-27,Pen Set,Stationery,3,11.84,East,CUST-1031
ORD-10513,2024-09-09,Mouse,Electronics,2,40.38,West,CUST-1125
ORD-10818,2024-11-09,Smartphone,Electronics,3,659.88,North,CUST-1137
ORD-11167,2024-10-29,Laptop,Electronics,4,992.53,South,CUST-1145
ORD-10179,2024-10-14,Monitor,Electronics,3,342.29,East,CUST-1032
ORD-11358,2024-04-23,Notebook,Stationery,2,5.22,West,CUST-1018
ORD-10107,2024-08-18,Pen Set,Stationery,2,13.15,North,CUST-1194
ORD-10041,2024-10-26,Headphones,Electronics,4,146.3,North,CUST-1080
ORD-10921,2024-10-16,Desk Chair,Furniture,2,231.07,East,CUST-1026
ORD-10201,2024-07-23,Standing Desk,Furniture,4,454.24,West,CUST-1160
ORD-10827,2024-08-14,Laptop,Electronics,2,1010.63,West,CUST-1235
ORD-10049,2024-08-12,Laptop,Electronics,5,1005.52,North,CUST-1270
ORD-10539,2024-09-14,Smartphone,Electronics,3,670.77,West,CUST-1163
ORD-11083,2024-05-16,Notebook,Stationery,5,5.0,North,CUST-1032
ORD-11241,2024-09-12,Monitor,Electronics,1,340.91,North,CUST-1062
ORD-10862,2024-09-18,Pen Set,Stationery,5,12.8,North,CUST-1048
ORD-11069,2024-01-03,Smartphone,Electronics,4,732.91,West,CUST-1240
ORD-10180,2024-08-25,Headphones,Electronics,3,149.6,East,CUST-1023
ORD-10134,2024-01-11,Headphones,Electronics,3,147.96,South,CUST-1089
ORD-10977,2024-11-01,Monitor,Electronics,4,313.2,West,CUST-1031
ORD-10077,2024-10-21,Monitor,Electronics,2,332.55,North,CUST-1204
ORD-11213,2024-03-09,Laptop,Electronics,3,926.01,West,CUST-1167
ORD-10102,2024-10-16,Notebook,Stationery,1,4.75,North,CUST-1189
ORD-10535,2024-11-13,Smartphone,Electronics,5,655.8,North,CUST-1210
ORD-11487,2024-11-29,Smartphone,Electronics,4,727.27,North,CUST-1124
ORD-10474,2024-12-15,Mouse,Electronics,1,36.27,East,CUST-1235
ORD-10162,2024-05-03,Monitor,Electronics,4,342.17,East,CUST-1236
ORD-10244,2024-03-11,Monitor,Electronics,2,300.81,West,CUST-1051
ORD-10303,2024-07-31,Smartphone,Electronics,4,678.76,South,CUST-1073
ORD-10441,2024-12-12,Laptop,Electronics,2,1039.48,North,CUST-1264
ORD-11033,2024-07-02,Smartphone,Electronics,4,638.9,North,CUST-1097
ORD-10330,2024-12-19,Smartphone,Electronics,4,663.28,West,CUST-1140
ORD-10094,2024-07-13,Standing Desk,Furniture,3,455.75,North,CUST-1129
ORD-11044,2024-12-16,Backpack,Accessories,5,58.9,South,CUST-1109
ORD-10727,2024-10-16,Laptop,Electronics,2,1010.38,West,CUST-1183
ORD-11308,2024-04-29,Headphones,Electronics,3,141.72,North,CUST-1293
ORD-11178,2024-06-01,Mouse,Electronics,5,38.4,North,CUST-1047
ORD-10099,2024-02-28,Mouse,Electronics,2,41.78,East,CUST-1013
ORD-10429,2024-07-28,Notebook,Stationery,4,4.6,North,CUST-1129
ORD-10071,2024-03-30,Desk Chair,Furniture,5,246.33,South,CUST-1000
ORD-11342,2024-09-13,Headphones,Electronics,2,152.6,North,CUST-1276
ORD-10909,2024-01-22,Notebook,Stationery,5,5.04,South,CUST-1160
ORD-11359,2024-12-26,Backpack,Accessories,5,55.87,North,CUST-1202
ORD-10298,2024-12-03,Notebook,Stationery,5,5.03,North,CUST-1288
ORD-11296,2024-07-20,Notebook,Stationery,1,4.99,South,CUST-1294
ORD-11265,2024-02-27,Pen Set,Stationery,1,13.05,West,CUST-1013
ORD-11491,2024-04-06,Pen Set,Stationery,4,12.01,East,CUST-1154
ORD-10752,2024-12-29,Smartphone,Electronics,1,690.68,South,CUST-1003
ORD-10723,2024-10-09,Pen Set,Stationery,3,12.75,West,CUST-1241
ORD-10384,2024-09-02,Headphones,Electronics,2,150.64,West,CUST-1203
ORD-10231,2024-02-07,Pen Set,Stationery,3,12.59,East,CUST-1188
ORD-11247,2024-07-23,Standing Desk,Furniture,1,406.38,South,CUST-1198
ORD-10263,2024-04-05,Headphones,Electronics,1,146.77,North,CUST-1269
ORD-10301,2024-10-06,Smartphone,Electronics,3,697.39,North,CUST-1125
ORD-10795,2024-03-03,Pen Set,Stationery,3,13.38,West,CUST-1101
ORD-10114,2024-04-28,Mouse,Electronics,1,40.32,East,CUST-1274
ORD-11212,2024-12-17,Smartphone,Electronics,4,713.22,West,CUST-1244
ORD-10664,2024-11-08,Notebook,Stationery,2,4.63,South,CUST-1201
ORD-10245,2024-10-03,Desk Chair,Furniture,5,226.41,East,CUST-1067
ORD-11091,2024-04-28,Laptop,Electronics,5,996.69,South,CUST-1175
ORD-11076,2024-12-19,Pen Set,Stationery,3,12.73,West,CUST-1138
ORD-10068,2024-02-05,Standing Desk,Furniture,3,447.05,East,CUST-1063
ORD-10091,2024-08-27,Mouse,Electronics,2,41.87,West,CUST-1201
ORD-10854,2024-10-22,Notebook,Stationery,3,5.0,East,CUST-1218
ORD-10032,2024-04-07,Smartphone,Electronics,1,640.17,South,CUST-1216
ORD-11099,2024-03-16,Standing Desk,Furniture,3,435.26,South,CUST-1273
ORD-10443,2024-11-18,Notebook,Stationery,2,4.63,North,CUST-1202
ORD-10440,2024-06-02,Smartphone,Electronics,1,715.06,East,CUST-1175
ORD-10761,2024-07-08,Headphones,Electronics,1,148.69,North,CUST-1205
ORD-10707,2024-10-06,Standing Desk,Furniture,3,469.8,West,CUST-1191
ORD-10893,2024-02-01,Notebook,Stationery,3,5.15,East,CUST-1015
ORD-11143,2024-02-20,Monitor,Electronics,2,342.55,South,CUST-1243
ORD-11494,2024-07-22,Pen Set,Stationery,3,11.7,West,CUST-1251
ORD-11217,2024-03-27,Monitor,Electronics,1,316.84,South,CUST-1133
ORD-10074,2024-05-25,Laptop,Electronics,5,999.57,North,CUST-1047
ORD-10081,2024-10-31,Notebook,Stationery,3,5.2,South,CUST-1258
ORD-10841,2024-01-01,Notebook,Stationery,5,4.77,West,CUST-1009
ORD-10079,2024-04-22,Smartphone,Electronics,2,714.42,East,CUST-1237
ORD-10452,2024-10-02,Headphones,Electronics,2,147.48,West,CUST-1071
ORD-10925,2024-08-31,Smartphone,Electronics,4,673.06,East,CUST-1003
ORD-10667,2024-01-03,Monitor,Electronics,5,333.43,East,CUST-1221
ORD-11127,2024-10-23,Mouse,Electronics,3,,East,CUST-1265
ORD-11074,2024-01-13,Desk Chair,Furniture,4,242.38,West,CUST-1207
ORD-10431,2024-09-30,Standing Desk,Furniture,5,467.33,South,CUST-1214
ORD-10760,2024-03-15,Laptop,Electronics,4,1038.87,West,CUST-1032
ORD-10637,2024-12-18,Headphones,Electronics,4,,North,CUST-1045
ORD-11452,2024-06-06,Standing Desk,Furniture,4,,North,CUST-1193
ORD-10912,2024-07-21,Notebook,Stationery,1,4.91,South,CUST-1025
ORD-11194,2024-03-12,Pen Set,Stationery,2,11.91,East,CUST-1061
ORD-10399,2024-09-26,Pen Set,Stationery,3,13.28,West,CUST-1203
ORD-11306,2024-03-04,Smartphone,Electronics,4,661.28,East,CUST-1232
ORD-10939,2024-07-31,Smartphone,Electronics,4,634.77,East,CUST-1108
ORD-10996,2024-01-28,Notebook,Stationery,3,,North,CUST-1232
ORD-10101,2024-11-17,Laptop,Electronics,2,915.28,West,CUST-1061
ORD-10603,2024-01-04,Pen Set,Stationery,5,13.64,South,CUST-1191
ORD-10838,2024-08-12,Laptop,Electronics,5,944.2,South,CUST-1097
ORD-10679,2024-03-15,Smartphone,Electronics,1,702.5,East,CUST-1277
ORD-10954,2024-02-20,Smartphone,Electronics,5,701.05,North,CUST-1018
ORD-10937,2024-04-02,Pen Set,Stationery,5,12.14,South,CUST-1099
ORD-10059,2024-03-31,Mouse,Electronics,4,36.14,South,CUST-1170
ORD-10277,2024-01-22,Mouse,Electronics,3,39.68,South,CUST-1029
ORD-10768,2024-06-27,Smartphone,Electronics,3,731.13,East,CUST-1099
ORD-11013,2024-10-28,Pen Set,Stationery,2,12.7,West,CUST-1092
ORD-10234,2024-08-31,Smartphone,Electronics,5,645.83,West,CUST-1052
ORD-10219,2024-04-27,Pen Set,Stationery,5,12.78,North,CUST-1181
ORD-10142,2024-12-23,Standing Desk,Furniture,4,413.19,North,CUST-1122
ORD-11398,2024-09-26,Laptop,Electronics,5,1032.24,East,CUST-1033
ORD-10369,2024-12-04,Headphones,Electronics,4,148.83,South,CUST-1008
ORD-11229,2024-10-13,Desk Chair,Furniture,1,246.76,South,CUST-1257
ORD-10115,2024-12-19,Backpack,Accessories,2,55.71,South,CUST-1141
ORD-11126,2024-12-16,Notebook,Stationery,3,4.69,West,CUST-1185
ORD-10246,2024-03-19,Smartphone,Electronics,2,648.98,North,CUST-1084
ORD-11445,2024-01-06,Headphones,Electronics,3,137.57,East,CUST-1167
ORD-11209,2024-08-20,Laptop,Electronics,1,1014.29,South,CUST-1094
ORD-10898,2024-06-07,Pen Set,Stationery,5,13.46,North,CUST-1074
ORD-10009,2024-07-13,Desk Chair,Furniture,3,241.99,South,CUST-1083
ORD-10444,2024-11-10,Laptop,Electronics,2,967.43,North,CUST-1002
ORD-10889,2024-09-17,Smartphone,Electronics,1,724.9,West,CUST-1272
ORD-10699,2024-08-05,Notebook,Stationery,1,4.64,East,CUST-1222
ORD-10251,2024-11-05,Smartphone,Electronics,2,721.65,East,CUST-1246
ORD-10587,2024-01-11,Notebook,Stationery,3,5.1,South,CUST-1143
ORD-10385,2024-10-09,Laptop,Electronics,3,1016.32,West,CUST-1273
ORD-10963,2024-01-28,Notebook,Stationery,1,4.81,South,CUST-1228
ORD-11477,2024-04-13,Mouse,Electronics,3,41.16,East,CUST-1184
ORD-10551,2024-09-06,Mouse,Electronics,3,37.04,West,CUST-1182
ORD-11290,2024-04-13,Laptop,Electronics,4,1045.44,West,CUST-1003
ORD-10924,2024-10-05,Mouse,Electronics,1,39.64,East,CUST-1111
ORD-10455,2024-09-08,Notebook,Stationery,4,5.02,North,CUST-1085
ORD-10713,2024-10-08,Laptop,Electronics,1,943.59,West,CUST-1050
ORD-11381,2024-04-09,Notebook,Stationery,5,4.59,South,CUST-1181
ORD-10141,2024-01-27,Headphones,Electronics,2,141.0,North,CUST-1147
ORD-10495,2024-07-24,Backpack,Accessories,1,59.75,East,CUST-1078
ORD-11097,2024-02-29,Laptop,Electronics,1,1049.06,South,CUST-1225
ORD-10729,2024-09-22,Smartphone,Electronics,3,670.74,East,CUST-1023
ORD-11384,2024-10-04,Standing Desk,Furniture,2,414.94,East,CUST-1175
ORD-10721,2024-04-10,Pen Set,Stationery,3,13.12,South,CUST-1038
ORD-10533,2024-08-09,Smartphone,Electronics,4,682.08,North,CUST-1218
ORD-10174,2024-09-03,Headphones,Electronics,3,151.79,East,CUST-1058
ORD-11447,2024-08-12,Smartphone,Electronics,2,679.42,West,CUST-1082
ORD-10688,2024-03-20,Desk Chair,Furniture,1,230.75,South,CUST-1026
ORD-11206,2024-05-20,Desk Chair,Furniture,1,255.86,North,CUST-1241
ORD-11346,2024-11-19,Laptop,Electronics,2,987.76,South,CUST-1023
ORD-10881,2024-05-04,Laptop,Electronics,5,1039.0,South,CUST-1147
ORD-10905,2024-07-10,Notebook,Stationery,2,5.13,East,CUST-1070
ORD-11493,2024-10-20,Laptop,Electronics,3,1022.12,South,CUST-1107
ORD-10007,2024-11-17,Laptop,Electronics,5,1032.81,North,CUST-1098
ORD-11263,2024-07-26,Smartphone,Electronics,5,706.21,West,CUST-1184
ORD-10659,2024-12-01,Laptop,Electronics,4,1042.54,North,CUST-1027
ORD-11160,2024-09-23,Mouse,Electronics,4,40.75,East,CUST-1254
ORD-10353,2024-08-20,Smartphone,Electronics,5,669.22,East,CUST-1241
ORD-10773,2024-01-15,Backpack,Accessories,4,55.04,East,CUST-1112
ORD-10725,2024-09-13,Desk Chair,Furniture,5,228.39,East,CUST-1005
ORD-10325,2024-11-09,Laptop,Electronics,4,1030.91,South,CUST-1031
ORD-11051,2024-11-09,Laptop,Electronics,1,994.07,East,CUST-1178
ORD-11392,2024-02-07,Mouse,Electronics,3,36.17,North,CUST-1148
ORD-11495,2024-02-05,Smartphone,Electronics,4,685.11,East,CUST-1220
ORD-10254,2024-04-23,Monitor,Electronics,4,340.78,East,CUST-1212
ORD-11175,2024-02-20,Notebook,Stationery,4,4.57,West,CUST-1172
ORD-10368,2024-03-20,Headphones,Electronics,3,139.23,East,CUST-1057
ORD-11102,2024-12-27,Pen Set,Stationery,3,12.61,West,CUST-1293
ORD-10932,2024-10-08,Monitor,Electronics,1,311.49,West,CUST-1140
ORD-10139,2024-07-25,Pen Set,Stationery,5,,East,CUST-1277
ORD-10519,2024-11-22,Laptop,Electronics,4,911.22,South,CUST-1222
ORD-11137,2024-08-28,Monitor,Electronics,1,341.96,East,CUST-1154
ORD-10228,2024-10-15,Laptop,Electronics,5,967.33,South,CUST-1289
ORD-11120,2024-10-16,Backpack,Accessories,4,61.8,North,CUST-1243
ORD-11423,2024-08-05,Backpack,Accessories,4,60.86,North,CUST-1153
ORD-10435,2024-02-20,Headphones,Electronics,3,139.99,North,CUST-1285
ORD-10525,2024-12-22,Mouse,Electronics,5,36.23,South,CUST-1167
ORD-11202,2024-07-15,Pen Set,Stationery,3,12.94,East,CUST-1062
ORD-10222,2024-06-15,Backpack,Accessories,2,61.2,West,CUST-1185
ORD-11032,2024-12-04,Laptop,Electronics,2,944.82,East,CUST-1054
ORD-10224,2024-06-07,Headphones,Electronics,3,139.98,North,CUST-1039
ORD-11282,2024-02-02,Headphones,Electronics,3,144.68,South,CUST-1061
ORD-11300,2024-11-12,Notebook,Stationery,4,5.01,North,CUST-1207
ORD-10209,2024-12-02,Notebook,Stationery,3,4.51,East,CUST-1158
ORD-10873,2024-01-26,Laptop,Electronics,5,959.87,North,CUST-1256
ORD-10076,2024-08-31,Laptop,Electronics,5,1027.45,South,CUST-1212
ORD-10145,2024-05-29,Laptop,Electronics,5,1005.8,North,CUST-1247
ORD-10803,2024-04-30,Laptop,Electronics,3,1041.06,East,CUST-1040
ORD-10910,2024-10-19,Smartphone,Electronics,5,686.29,North,CUST-1019
ORD-10919,2024-11-20,Mouse,Electronics,3,36.5,North,CUST-1261
ORD-10662,2024-06-30,Monitor,Electronics,3,324.1,South,CUST-1054
ORD-11155,2024-11-25,Headphones,Electronics,4,143.0,West,CUST-1207
ORD-10549,2024-07-05,Backpack,Accessories,1,57.35,South,CUST-1202
ORD-10914,2024-08-04,Backpack,Accessories,3,59.51,South,CUST-1264
ORD-10130,2024-03-25,Notebook,Stationery,3,4.94,West,CUST-1147
ORD-11107,2024-02-14,Pen Set,Stationery,5,12.46,South,CUST-1261
ORD-10812,2024-02-15,Smartphone,Electronics,4,662.32,East,CUST-1079
ORD-10403,2024-06-18,Mouse,Electronics,5,41.85,West,CUST-1270
ORD-10364,2024-07-12,Smartphone,Electronics,4,638.42,North,CUST-1276
ORD-10501,2024-05-12,Mouse,Electronics,2,38.22,East,CUST-1137
ORD-11182,2024-11-15,Standing Desk,Furniture,5,435.58,North,CUST-1092
ORD-10498,2024-08-11,Mouse,Electronics,2,36.34,North,CUST-1222
ORD-11334,2024-04-03,Pen Set,Stationery,3,13.19,South,CUST-1208
ORD-10343,2024-11-24,Standing Desk,Furniture,5,440.38,North,CUST-1068
ORD-10382,2024-10-13,Laptop,Electronics,2,971.9,East,CUST-1170
ORD-10000,2024-11-23,Smartphone,Electronics,1,632.62,West,CUST-1114
ORD-10356,2024-09-15,Desk Chair,Furniture,2,246.47,South,CUST-1167
ORD-10882,2024-12-21,Laptop,Electronics,1,945.76,South,CUST-1169
ORD-10817,2024-04-22,Mouse,Electronics,3,36.47,North,CUST-1264
ORD-11415,2024-12-15,Headphones,Electronics,3,139.28,East,CUST-1070
ORD-10470,2024-05-22,Smartphone,Electronics,3,677.73,East,CUST-1297
ORD-11450,2024-07-02,Laptop,Electronics,2,932.49,East,CUST-1272
ORD-10054,2024-05-14,Smartphone,Electronics,2,707.82,North,CUST-1218
ORD-10630,2024-10-31,Smartphone,Electronics,1,699.5,East,CUST-1010
ORD-11309,2024-12-31,Backpack,Accessories,4,58.67,South,CUST-1167
ORD-11049,2024-08-31,Backpack,Accessories,2,55.85,South,CUST-1267
ORD-11329,2024-08-31,Smartphone,Electronics,5,724.16,East,CUST-1272
ORD-10169,2024-04-27,Desk Chair,Furniture,5,255.06,North,CUST-1097
ORD-10445,2024-04-15,Pen Set,Stationery,3,13.16,West,CUST-1032
ORD-10122,2024-06-04,Laptop,Electronics,1,1049.08,West,CUST-1213
ORD-10985,2024-08-10,Laptop,Electronics,5,931.67,West,CUST-1071
ORD-10524,2024-05-15,Mouse,Electronics,1,36.53,North,CUST-1155
ORD-10846,2024-02-20,Headphones,Electronics,1,147.84,North,CUST-1250
ORD-10704,2024-10-26,Notebook,Stationery,1,5.02,West,CUST-1257
ORD-10087,2024-07-18,Notebook,Stationery,5,,North,CUST-1294
ORD-11451,2024-12-22,Laptop,Electronics,1,1025.46,South,CUST-1052
ORD-10178,2024-11-22,Laptop,Electronics,3,916.24,East,CUST-1012
ORD-10863,2024-07-01,Standing Desk,Furniture,2,414.33,West,CUST-1298
ORD-11429,2024-04-11,Laptop,Electronics,1,1036.69,North,CUST-1105
ORD-10775,2024-05-14,Monitor,Electronics,2,311.21,East,CUST-1175
ORD-10409,2024-12-18,Laptop,Electronics,1,975.11,South,CUST-1027
ORD-10247,2024-01-23,Desk Chair,Furniture,4,238.65,South,CUST-1227
ORD-10066,2024-09-18,Laptop,Electronics,1,957.77,South,CUST-1130
ORD-10792,2024-10-14,Monitor,Electronics,5,299.35,North,CUST-1083
ORD-10128,2024-04-29,Mouse,Electronics,3,40.72,East,CUST-1101
ORD-10296,2024-05-08,Smartphone,Electronics,2,696.67,South,CUST-1064
ORD-11021,2024-02-07,Standing Desk,Furniture,3,457.44,North,CUST-1170
ORD-10322,2024-01-27,Laptop,Electronics,5,972.06,West,CUST-1194
ORD-11489,2024-12-14,Pen Set,Stationery,2,12.19,West,CUST-1082
ORD-11183,2024-11-17,Laptop,Electronics,5,1029.4,East,CUST-1109
ORD-10493,2024-02-04,Pen Set,Stationery,1,12.2,South,CUST-1030
ORD-10337,2024-03-21,Headphones,Electronics,4,149.68,West,CUST-1243
ORD-10821,2024-09-30,Standing Desk,Furniture,1,417.54,East,CUST-1137
ORD-10360,2024-07-21,Mouse,Electronics,3,40.89,North,CUST-1296
ORD-10489,2024-05-31,Desk Chair,Furniture,1,254.38,East,CUST-1122
ORD-11430,2024-12-03,Mouse,Electronics,5,36.41,South,CUST-1265
ORD-10334,2024-10-14,Smartphone,Electronics,3,644.4,South,CUST-1300
ORD-10416,2024-02-22,Laptop,Electronics,2,913.09,North,CUST-1285
ORD-10161,2024-10-16,Notebook,Stationery,2,4.62,North,CUST-1195
ORD-10027,2024-10-03,Notebook,Stationery,2,5.02,West,CUST-1191
ORD-10510,2024-01-24,Pen Set,Stationery,4,11.83,South,CUST-1144
ORD-10190,2024-03-15,Laptop,Electronics,2,981.02,East,CUST-1056
ORD-11316,2024-04-18,Laptop,Electronics,4,970.99,North,CUST-1286
ORD-11361,2024-10-16,Backpack,Accessories,5,59.08,South,CUST-1065
ORD-10933,2024-07-30,Laptop,Electronics,5,931.47,North,CUST-1029
ORD-11360,2024-05-22,Mouse,Electronics,5,38.99,East,CUST-1099
ORD-10166,2024-07-15,Laptop,Electronics,4,915.99,North,CUST-1183
ORD-10164,2024-12-12,Smartphone,Electronics,5,646.58,North,CUST-1176
ORD-10644,2024-08-21,Laptop,Electronics,3,1025.35,North,CUST-1244
ORD-10170,2024-12-13,Headphones,Electronics,2,149.13,South,CUST-1020
ORD-10512,2024-10-15,Monitor,Electronics,3,333.6,South,CUST-1188
ORD-11214,2024-04-11,Smartphone,Electronics,1,673.51,West,CUST-1193
ORD-11198,2024-05-10,Smartphone,Electronics,5,635.86,North,CUST-1057
ORD-10900,2024-03-15,Monitor,Electronics,1,334.88,East,CUST-1211
ORD-10485,2024-02-14,Notebook,Stationery,1,4.6,West,CUST-1196
ORD-10940,2024-04-13,Pen Set,Stationery,3,12.19,West,CUST-1153
ORD-10070,2024-10-10,Monitor,Electronics,2,306.49,North,CUST-1194
ORD-11255,2024-03-06,Laptop,Electronics,3,1026.22,West,CUST-1151
ORD-10581,2024-01-07,Headphones,Electronics,5,148.21,East,CUST-1057
ORD-10740,2024-11-02,Backpack,Accessories,5,59.73,North,CUST-1145
ORD-10649,2024-02-02,Notebook,Stationery,3,,East,CUST-1268
ORD-10831,2024-04-21,Mouse,Electronics,1,37.41,South,CUST-1007
ORD-10230,2024-08-28,Laptop,Electronics,4,994.7,East,CUST-1028
ORD-10722,2024-09-16,Mouse,Electronics,1,40.87,North,CUST-1108
ORD-10211,2024-11-20,Laptop,Electronics,1,913.75,South,CUST-1192
ORD-10159,2024-11-20,Laptop,Electronics,1,966.54,North,CUST-1014
ORD-10129,2024-10-05,Notebook,Stationery,2,4.98,North,CUST-1072
ORD-11103,2024-10-16,Smartphone,Electronics,4,665.55,West,CUST-1245
ORD-10218,2024-01-04,Laptop,Electronics,4,1012.04,West,CUST-1194
ORD-11228,2024-11-13,Headphones,Electronics,4,141.8,East,CUST-1189
ORD-10922,2024-06-07,Monitor,Electronics,4,311.29,North,CUST-1067
ORD-10182,2024-08-20,Monitor,Electronics,3,330.18,South,CUST-1276
ORD-10040,2024-01-30,Mouse,Electronics,5,40.4,East,CUST-1160
ORD-10683,2024-01-28,Pen Set,Stationery,1,13.14,West,CUST-1226
ORD-10105,2024-05-18,Standing Desk,Furniture,5,459.54,East,CUST-1247
ORD-10037,2024-09-05,Pen Set,Stationery,4,12.11,East,CUST-1030
ORD-10562,2024-03-23,Notebook,Stationery,1,4.9,East,CUST-1047
ORD-10999,2024-11-18,Laptop,Electronics,4,986.71,South,CUST-1149
ORD-11269,2024-04-13,Pen Set,Stationery,3,12.8,East,CUST-1026
ORD-11498,2024-04-03,Smartphone,Electronics,2,657.22,South,CUST-1209
ORD-10477,2024-07-03,Headphones,Electronics,3,136.85,South,CUST-1084
ORD-10463,2024-03-12,Smartphone,Electronics,2,715.41,South,CUST-1291
ORD-10878,2024-12-01,Monitor,Electronics,1,335.09,South,CUST-1179
ORD-10935,2024-06-11,Backpack,Accessories,3,58.72,North,CUST-1181
ORD-10023,2024-09-28,Smartphone,Electronics,1,692.88,South,CUST-1057
ORD-11012,2024-02-20,Headphones,Electronics,3,149.71,North,CUST-1123
ORD-11299,2024-03-16,Smartphone,Electronics,4,676.84,North,CUST-1278
ORD-10065,2024-05-15,Headphones,Electronics,1,137.43,North,CUST-1160
ORD-10872,2024-05-28,Headphones,Electronics,4,138.32,South,CUST-1243
ORD-11267,2024-06-03,Pen Set,Stationery,4,11.98,West,CUST-1059
ORD-10362,2024-02-05,Notebook,Stationery,4,4.51,West,CUST-1069
ORD-10499,2024-11-09,Monitor,Electronics,5,299.71,South,CUST-1089
ORD-10839,2024-10-05,Smartphone,Electronics,3,663.98,East,CUST-1283
ORD-11483,2024-09-13,Pen Set,Stationery,3,12.65,East,CUST-1202
ORD-10379,2024-05-04,Mouse,Electronics,3,37.21,East,CUST-1230
ORD-10724,2024-03-17,Monitor,Electronics,3,316.42,East,CUST-1148
ORD-10708,2024-01-06,Laptop,Electronics,5,1031.2,North,CUST-1021
ORD-11337,2024-03-02,Mouse,Electronics,1,37.21,South,CUST-1300
ORD-10449,2024-12-27,Laptop,Electronics,3,1037.79,North,CUST-1068
ORD-10260,2024-01-25,Notebook,Stationery,2,4.81,South,CUST-1234
ORD-10072,2024-04-17,Smartphone,Electronics,4,712.49,North,CUST-1164
ORD-10439,2024-06-27,Laptop,Electronics,4,914.63,North,CUST-1231
ORD-10391,2024-09-07,Smartphone,Electronics,4,678.38,South,CUST-1180
ORD-10173,2024-07-06,Notebook,Stationery,5,4.87,North,CUST-1084
ORD-11313,2024-07-21,Laptop,Electronics,3,987.64,East,CUST-1225
ORD-11054,2024-04-09,Smartphone,Electronics,1,713.63,West,CUST-1242
ORD-11035,2024-10-03,Pen Set,Stationery,3,12.66,South,CUST-1230
ORD-10589,2024-08-14,Pen Set,Stationery,3,12.22,South,CUST-1045
ORD-10058,2024-10-13,Backpack,Accessories,4,62.75,North,CUST-1121
ORD-10860,2024-11-01,Laptop,Electronics,1,977.63,North,CUST-1154
ORD-11119,2024-05-21,Laptop,Electronics,4,1049.14,North,CUST-1185
ORD-11406,2024-10-24,Notebook,Stationery,4,4.97,North,CUST-1018
ORD-10274,2024-09-22,Standing Desk,Furniture,3,459.07,East,CUST-1040
ORD-10035,2024-02-08,Backpack,Accessories,4,61.26,North,CUST-1050
ORD-10654,2024-09-08,Headphones,Electronics,3,140.41,East,CUST-1025
ORD-11351,2024-12-20,Laptop,Electronics,2,,North,CUST-1243
ORD-11086,2024-12-20,Laptop,Electronics,1,928.24,West,CUST-1044
ORD-10964,2024-06-08,Notebook,Stationery,3,5.1,North,CUST-1273
ORD-10728,2024-09-06,Pen Set,Stationery,2,11.81,East,CUST-1021
ORD-10188,2024-03-05,Backpack,Accessories,5,55.84,North,CUST-1283
ORD-10907,2024-04-23,Laptop,Electronics,2,1013.66,West,CUST-1224
ORD-10451,2024-08-02,Smartphone,Electronics,5,644.47,East,CUST-1095
ORD-10666,2024-08-18,Smartphone,Electronics,4,699.13,West,CUST-1068
ORD-10750,2024-12-22,Headphones,Electronics,5,137.19,South,CUST-1244
ORD-11443,2024-05-09,Standing Desk,Furniture,2,439.15,South,CUST-1037
ORD-10718,2024-11-24,Smartphone,Electronics,4,659.04,East,CUST-1169
ORD-10407,2024-12-30,Mouse,Electronics,4,41.56,South,CUST-1288
ORD-10814,2024-09-30,Laptop,Electronics,1,1003.16,South,CUST-1244
ORD-10610,2024-12-09,Monitor,Electronics,3,322.1,North,CUST-1285
ORD-10111,2024-09-08,Laptop,Electronics,4,1018.93,South,CUST-1113
ORD-10412,2024-07-01,Standing Desk,Furniture,5,468.52,West,CUST-1299
ORD-11428,2024-02-23,Smartphone,Electronics,5,648.64,North,CUST-1250
ORD-10956,2024-10-31,Monitor,Electronics,1,313.49,South,CUST-1052
ORD-10598,2024-11-27,Monitor,Electronics,2,330.54,West,CUST-1209
ORD-11436,2024-10-18,Mouse,Electronics,4,38.75,South,CUST-1046
ORD-10086,2024-07-27,Standing Desk,Furniture,3,441.62,North,CUST-1105
ORD-10837,2024-01-11,Backpack,Accessories,4,57.21,South,CUST-1020
ORD-11145,2024-07-13,Notebook,Stationery,4,4.65,South,CUST-1057
ORD-11433,2024-04-15,Standing Desk,Furniture,3,434.16,East,CUST-1243
ORD-10743,2024-09-18,Headphones,Electronics,3,138.76,East,CUST-1232
ORD-10492,2024-10-06,Pen Set,Stationery,2,13.18,South,CUST-1037
ORD-10011,2024-03-28,Smartphone,Electronics,5,706.55,South,CUST-1194
ORD-10392,2024-10-06,Smartphone,Electronics,4,649.32,West,CUST-1030
ORD-10280,2024-11-26,Pen Set,Stationery,3,12.4,North,CUST-1016
ORD-11052,2024-10-12,Backpack,Accessories,2,55.72,South,CUST-1048
ORD-10681,2024-11-27,Notebook,Stationery,5,4.78,East,CUST-1147
ORD-11231,2024-05-13,Notebook,Stationery,1,4.73,East,CUST-1255
ORD-11403,2024-02-11,Pen Set,Stationery,4,13.23,North,CUST-1085
ORD-10680,2024-08-19,Mouse,Electronics,1,39.69,North,CUST-1287
ORD-10840,2024-09-28,Headphones,Electronics,2,145.1,West,CUST-1277
ORD-10156,2024-12-20,Laptop,Electronics,4,997.47,West,CUST-1273
ORD-10883,2024-10-02,Pen Set,Stationery,2,12.09,South,CUST-1132
ORD-11190,2024-01-19,Backpack,Accessories,2,55.42,West,CUST-1132
ORD-10253,2024-03-23,Mouse,Electronics,3,38.69,West,CUST-1223
ORD-10331,2024-10-20,Notebook,Stationery,5,4.78,North,CUST-1176
ORD-11407,2024-04-13,Notebook,Stationery,4,5.14,East,CUST-1156
ORD-11025,2024-02-06,Desk Chair,Furniture,5,252.27,South,CUST-1009
ORD-10509,2024-03-02,Mouse,Electronics,5,40.03,North,CUST-1114
ORD-11001,2024-05-22,Mouse,Electronics,3,36.79,North,CUST-1131
ORD-10758,2024-08-16,Notebook,Stationery,2,4.57,West,CUST-1173
ORD-11319,2024-09-05,Monitor,Electronics,1,336.15,East,CUST-1215
ORD-10751,2024-02-12,Laptop,Electronics,3,989.73,South,CUST-1131
ORD-11147,2024-12-26,Laptop,Electronics,3,983.56,North,CUST-1167
ORD-10515,2024-01-01,Laptop,Electronics,4,1027.34,East,CUST-1053
ORD-10021,2024-05-14,Laptop,Electronics,5,1014.28,West,CUST-1054
ORD-10352,2024-11-23,Laptop,Electronics,3,955.12,West,CUST-1068
ORD-11274,2024-02-29,Headphones,Electronics,4,149.0,North,CUST-1229
ORD-10336,2024-08-29,Laptop,Electronics,1,1002.17,South,CUST-1281
ORD-10426,2024-05-04,Smartphone,Electronics,3,669.48,West,CUST-1201
ORD-10468,2024-12-12,Laptop,Electronics,4,973.41,West,CUST-1137
ORD-10214,2024-12-04,Smartphone,Electronics,4,680.98,North,CUST-1139
ORD-10899,2024-10-16,Laptop,Electronics,2,947.61,North,CUST-1060
ORD-11205,2024-03-23,Pen Set,Stationery,4,12.92,North,CUST-1208
ORD-10997,2024-08-28,Pen Set,Stationery,5,13.12,East,CUST-1150
ORD-11459,2024-02-03,Headphones,Electronics,3,149.61,South,CUST-1034
ORD-10090,2024-01-15,Headphones,Electronics,4,142.55,North,CUST-1207
ORD-10994,2024-09-26,Desk Chair,Furniture,3,242.43,East,CUST-1045
ORD-11056,2024-06-20,Smartphone,Electronics,5,714.53,West,CUST-1022
ORD-11078,2024-06-20,Laptop,Electronics,1,977.2,South,CUST-1186
ORD-10687,2024-03-07,Smartphone,Electronics,2,691.31,West,CUST-1169
ORD-10982,2024-03-06,Notebook,Stationery,3,4.54,East,CUST-1027
ORD-10150,2024-10-09,Laptop,Electronics,5,956.57,South,CUST-1096
ORD-11085,2024-12-13,Notebook,Stationery,5,5.16,North,CUST-1188
ORD-11302,2024-10-03,Laptop,Electronics,3,932.05,South,CUST-1159
ORD-11497,2024-02-26,Laptop,Electronics,4,985.05,West,CUST-1102
ORD-10778,2024-04-15,Notebook,Stationery,2,4.64,South,CUST-1182
ORD-10574,2024-10-01,Mouse,Electronics,4,39.43,West,CUST-1153
ORD-10694,2024-11-10,Monitor,Electronics,5,309.06,South,CUST-1164
ORD-11414,2024-07-03,Headphones,Electronics,1,147.28,North,CUST-1168
ORD-10481,2024-08-04,Smartphone,Electronics,2,680.15,South,CUST-1045
ORD-10553,2024-01-01,Headphones,Electronics,5,143.8,East,CUST-1290
ORD-10790,2024-03-17,Smartphone,Electronics,4,714.58,South,CUST-1255
ORD-10506,2024-01-07,Monitor,Electronics,2,299.27,North,CUST-1076
ORD-10626,2024-06-21,Laptop,Electronics,4,1033.19,North,CUST-1175
ORD-11486,2024-05-10,Backpack,Accessories,3,58.58,East,CUST-1188
ORD-11339,2024-10-10,Laptop,Electronics,4,909.81,South,CUST-1119
ORD-10779,2024-02-24,Backpack,Accessories,1,62.27,West,CUST-1252
ORD-10113,2024-08-05,Monitor,Electronics,5,313.36,South,CUST-1138
ORD-10730,2024-11-28,Smartphone,Electronics,3,640.83,East,CUST-1140
ORD-11067,2024-04-20,Pen Set,Stationery,5,12.61,West,CUST-1007
ORD-10819,2024-02-05,Monitor,Electronics,2,303.75,West,CUST-1233
ORD-10116,2024-09-25,Notebook,Stationery,5,4.7,South,CUST-1099
ORD-10648,2024-03-07,Smartphone,Electronics,4,726.63,North,CUST-1210
ORD-10628,2024-04-24,Smartphone,Electronics,2,652.17,South,CUST-1258
ORD-10365,2024-06-27,Smartphone,Electronics,1,648.73,East,CUST-1270
ORD-10264,2024-09-16,Laptop,Electronics,5,903.04,West,CUST-1022
ORD-10647,2024-04-02,Backpack,Accessories,5,57.41,North,CUST-1014
ORD-10923,2024-01-02,Laptop,Electronics,5,,North,CUST-1254
ORD-10811,2024-11-23,Desk Chair,Furniture,5,236.6,West,CUST-1276
ORD-10855,2024-03-26,Smartphone,Electronics,2,687.74,North,CUST-1080
ORD-10045,2024-05-13,Laptop,Electronics,2,1000.45,East,CUST-1135
ORD-11293,2024-04-26,Laptop,Electronics,2,1020.26,East,CUST-1209
ORD-10978,2024-03-12,Notebook,Stationery,5,5.17,South,CUST-1000
ORD-10864,2024-05-11,Backpack,Accessories,3,54.82,East,CUST-1111
ORD-10763,2024-08-12,Smartphone,Electronics,1,651.17,South,CUST-1265
ORD-11499,2024-11-15,Smartphone,Electronics,1,721.17,West,CUST-1150
ORD-10004,2024-06-23,Notebook,Stationery,3,4.61,East,CUST-1172
ORD-10989,2024-12-22,Mouse,Electronics,5,41.57,West,CUST-1232
ORD-11304,2024-05-03,Pen Set,Stationery,3,13.11,North,CUST-1056
ORD-10259,2024-11-07,Monitor,Electronics,5,317.94,North,CUST-1121
ORD-11184,2024-08-27,Headphones,Electronics,3,156.08,East,CUST-1222
ORD-11369,2024-04-25,Monitor,Electronics,4,344.4,North,CUST-1100
ORD-10438,2024-03-13,Pen Set,Stationery,3,12.3,East,CUST-1105
ORD-10988,2024-03-10,Smartphone,Electronics,1,644.4,South,CUST-1233
ORD-11063,2024-04-13,Notebook,Stationery,3,4.59,North,CUST-1030
ORD-10826,2024-01-07,Smartphone,Electronics,1,732.32,South,CUST-1197
ORD-11341,2024-10-11,Laptop,Electronics,2,945.68,South,CUST-1042
ORD-10300,2024-04-17,Smartphone,Electronics,5,673.73,North,CUST-1254
ORD-11174,2024-10-28,Notebook,Stationery,1,5.23,North,CUST-1199
ORD-10309,2024-07-20,Backpack,Accessories,5,58.11,East,CUST-1298
ORD-10146,2024-05-04,Backpack,Accessories,4,58.95,South,CUST-1260
ORD-11134,2024-12-21,Smartphone,Electronics,2,702.23,South,CUST-1107
ORD-10568,2024-01-14,Mouse,Electronics,2,37.02,South,CUST-1041
ORD-10048,2024-03-08,Standing Desk,Furniture,3,464.45,South,CUST-1189
ORD-11171,2024-11-27,Laptop,Electronics,3,988.87,South,CUST-1033
ORD-10716,2024-12-03,Headphones,Electronics,3,150.59,East,CUST-1290
ORD-10822,2024-08-12,Laptop,Electronics,1,934.91,East,CUST-1252
ORD-11101,2024-03-20,Headphones,Electronics,1,156.82,North,CUST-1259
ORD-10465,2024-05-16,Laptop,Electronics,5,1047.81,West,CUST-1048
ORD-10958,2024-04-08,Mouse,Electronics,3,37.65,East,CUST-1225
ORD-10645,2024-11-28,Smartphone,Electronics,2,641.86,North,CUST-1030
ORD-10395,2024-12-07,Laptop,Electronics,5,1036.9,East,CUST-1008
ORD-10505,2024-12-11,Smartphone,Electronics,1,653.97,West,CUST-1022
ORD-10316,2024-07-24,Standing Desk,Furniture,5,407.71,South,CUST-1170
ORD-10019,2024-10-10,Pen Set,Stationery,1,13.02,South,CUST-1274
ORD-10675,2024-12-21,Mouse,Electronics,3,40.25,East,CUST-1287
ORD-10034,2024-04-07,Laptop,Electronics,5,967.28,West,CUST-1142
ORD-10890,2024-04-11,Laptop,Electronics,5,1045.01,West,CUST-1011
ORD-10816,2024-07-29,Notebook,Stationery,5,4.82,East,CUST-1199
ORD-11345,2024-09-03,Standing Desk,Furniture,3,445.35,East,CUST-1194
ORD-10402,2024-11-22,Headphones,Electronics,1,150.8,East,CUST-1222
ORD-10908,2024-09-07,Smartphone,Electronics,3,721.0,East,CUST-1218
ORD-10531,2024-02-03,Pen Set,Stationery,2,13.45,South,CUST-1065
ORD-10748,2024-12-13,Notebook,Stationery,4,4.88,South,CUST-1022
ORD-11048,2024-01-04,Notebook,Stationery,2,5.18,East,CUST-1145
ORD-10241,2024-12-28,Headphones,Electronics,1,141.96,East,CUST-1168
ORD-11113,2024-08-31,Smartphone,Electronics,5,733.59,East,CUST-1192
ORD-10774,2024-04-27,Laptop,Electronics,3,961.85,East,CUST-1274
ORD-10483,2024-03-09,Pen Set,Stationery,2,11.82,South,CUST-1084
ORD-10151,2024-05-02,Standing Desk,Furniture,5,430.84,East,CUST-1210
ORD-10948,2024-03-25,Notebook,Stationery,5,4.94,North,CUST-1059
ORD-10842,2024-07-05,Laptop,Electronics,5,935.81,West,CUST-1275
ORD-10619,2024-01-30,Monitor,Electronics,1,319.37,North,CUST-1086
ORD-10676,2024-10-19,Desk Chair,Furniture,4,250.27,East,CUST-1273
ORD-10563,2024-11-10,Laptop,Electronics,4,1005.67,South,CUST-1084
ORD-11426,2024-07-14,Smartphone,Electronics,2,729.6,West,CUST-1197
ORD-10017,2024-02-16,Monitor,Electronics,1,339.61,East,CUST-1081
ORD-10124,2024-10-28,Monitor,Electronics,4,312.11,West,CUST-1050
ORD-11474,2024-03-05,Headphones,Electronics,1,138.9,West,CUST-1104
ORD-10915,2024-08-25,Monitor,Electronics,4,301.47,East,CUST-1092
ORD-10967,2024-11-11,Notebook,Stationery,3,5.17,East,CUST-1169
ORD-11470,2024-04-27,Smartphone,Electronics,3,665.98,East,CUST-1027
ORD-10187,2024-04-18,Laptop,Electronics,5,1045.65,South,CUST-1170
ORD-11125,2024-04-03,Laptop,Electronics,1,989.8,West,CUST-1165
ORD-10979,2024-12-04,Notebook,Stationery,2,4.83,East,CUST-1295
ORD-11464,2024-11-07,Pen Set,Stationery,5,12.57,South,CUST-1119
ORD-11457,2024-07-21,Smartphone,Electronics,4,642.68,East,CUST-1182
ORD-10600,2024-01-05,Pen Set,Stationery,2,12.18,North,CUST-1156
ORD-10177,2024-08-20,Laptop,Electronics,3,1000.91,East,CUST-1299
ORD-10297,2024-11-10,Mouse,Electronics,5,36.55,South,CUST-1297
ORD-10490,2024-02-27,Headphones,Electronics,2,146.23,East,CUST-1270
ORD-11294,2024-09-21,Smartphone,Electronics,3,729.08,East,CUST-1005
ORD-11258,2024-10-26,Laptop,Electronics,1,,South,CUST-1236
ORD-11238,2024-02-17,Laptop,Electronics,2,1030.22,East,CUST-1086
ORD-10511,2024-06-08,Mouse,Electronics,3,36.51,West,CUST-1188
ORD-11055,2024-03-22,Laptop,Electronics,1,908.1,North,CUST-1107
ORD-10470,2024-05-22,Smartphone,Electronics,3,677.73,East,CUST-1297
ORD-10154,2024-08-13,Backpack,Accessories,1,58.72,North,CUST-1073
ORD-11181,2024-06-02,Smartphone,Electronics,4,699.65,South,CUST-1212
ORD-10016,2024-10-25,Laptop,Electronics,4,954.29,West,CUST-1070
ORD-11058,2024-02-06,Desk Chair,Furniture,2,252.04,East,CUST-1166
ORD-10540,2024-01-16,Backpack,Accessories,3,54.52,North,CUST-1271
ORD-10650,2024-10-22,Laptop,Electronics,5,933.59,West,CUST-1173
ORD-11366,2024-12-14,Laptop,Electronics,5,969.98,West,CUST-1022
ORD-11005,2024-03-19,Laptop,Electronics,4,1012.9,North,CUST-1196
ORD-11259,2024-04-03,Pen Set,Stationery,4,11.78,East,CUST-1152
ORD-10946,2024-01-10,Backpack,Accessories,2,59.19,North,CUST-1181
ORD-11409,2024-03-09,Laptop,Electronics,1,944.25,South,CUST-1117
ORD-10279,2024-03-14,Pen Set,Stationery,5,13.01,East,CUST-1064
ORD-10786,2024-05-14,Pen Set,Stationery,2,12.22,West,CUST-1175
ORD-10221,2024-10-20,Headphones,Electronics,4,150.95,South,CUST-1058
ORD-10025,2024-09-05,Monitor,Electronics,1,345.4,East,CUST-1064
ORD-10432,2024-07-03,Headphones,Electronics,5,148.35,East,CUST-1055
ORD-11458,2024-01-08,Pen Set,Stationery,4,,West,CUST-1108
ORD-10225,2024-02-28,Backpack,Accessories,5,58.58,East,CUST-1178
ORD-10036,2024-10-03,Laptop,Electronics,1,1045.34,East,CUST-1121
ORD-10739,2024-03-16,Backpack,Accessories,1,55.49,South,CUST-1264
ORD-11031,2024-08-23,Backpack,Accessories,3,59.82,South,CUST-1020
ORD-10464,2024-05-23,Notebook,Stationery,5,4.89,North,CUST-1149
ORD-11281,2024-05-13,Laptop,Electronics,3,1001.53,North,CUST-1257
ORD-11473,2024-09-08,Standing Desk,Furniture,1,469.36,South,CUST-1072
ORD-10678,2024-01-29,Mouse,Electronics,2,37.59,South,CUST-1146
ORD-11378,2024-12-03,Headphones,Electronics,5,135.23,West,CUST-1219
ORD-10632,2024-03-19,Laptop,Electronics,2,1004.27,North,CUST-1154
ORD-11297,2024-11-19,Laptop,Electronics,5,1045.89,East,CUST-1283
ORD-11204,2024-05-10,Monitor,Electronics,3,301.46,South,CUST-1120
ORD-11144,2024-10-28,Desk Chair,Furniture,2,241.48,North,CUST-1092
ORD-11344,2024-01-01,Desk Chair,Furniture,4,261.03,South,CUST-1085
ORD-11363,2024-05-20,Laptop,Electronics,2,1027.14,North,CUST-1272
ORD-10789,2024-02-21,Notebook,Stationery,3,5.09,South,CUST-1195
ORD-10157,2024-06-11,Backpack,Accessories,4,61.84,East,CUST-1035
ORD-10943,2024-09-02,Laptop,Electronics,4,1019.58,North,CUST-1246
ORD-11172,2024-02-28,Monitor,Electronics,3,305.39,East,CUST-1019
ORD-10810,2024-11-01,Headphones,Electronics,4,149.19,North,CUST-1288
ORD-11273,2024-06-10,Laptop,Electronics,5,909.52,South,CUST-1213
ORD-10865,2024-06-15,Smartphone,Electronics,4,648.15,East,CUST-1295
ORD-10901,2024-06-04,Headphones,Electronics,4,151.77,South,CUST-1140
ORD-10149,2024-10-23,Notebook,Stationery,4,5.14,North,CUST-1247
ORD-11438,2024-03-30,Desk Chair,Furniture,4,234.33,North,CUST-1221
ORD-10503,2024-12-30,Notebook,Stationery,5,4.96,West,CUST-1261
ORD-11121,2024-03-02,Notebook,Stationery,3,4.87,West,CUST-1132
ORD-11236,2024-08-27,Mouse,Electronics,4,36.69,East,CUST-1253
ORD-11260,2024-08-20,Pen Set,Stationery,4,12.91,North,CUST-1095
ORD-10100,2024-10-21,Notebook,Stationery,4,4.79,North,CUST-1038
ORD-10580,2024-10-11,Backpack,Accessories,4,58.96,North,CUST-1266
ORD-11330,2024-01-10,Desk Chair,Furniture,3,254.49,West,CUST-1296
ORD-11129,2024-09-14,Smartphone,Electronics,2,717.3,South,CUST-1286
ORD-10050,2024-10-10,Laptop,Electronics,3,1039.75,East,CUST-1068
ORD-10148,2024-09-16,Pen Set,Stationery,3,13.29,North,CUST-1152
ORD-10398,2024-04-01,Mouse,Electronics,1,41.5,East,CUST-1123
ORD-11455,2024-02-19,Smartphone,Electronics,2,706.01,North,CUST-1262
ORD-10204,2024-10-27,Mouse,Electronics,5,39.36,North,CUST-1210
ORD-11417,2024-07-25,Headphones,Electronics,4,153.48,West,CUST-1006
ORD-11108,2024-12-07,Backpack,Accessories,3,57.57,South,CUST-1218
ORD-11320,2024-06-05,Smartphone,Electronics,3,652.63,North,CUST-1250
ORD-10008,2024-01-24,Smartphone,Electronics,2,711.16,South,CUST-1119
ORD-11000,2024-11-15,Smartphone,Electronics,1,660.11,North,CUST-1258
ORD-11344,2024-01-01,Desk Chair,Furniture,4,261.03,South,CUST-1085
ORD-11046,2024-03-27,Smartphone,Electronics,3,688.1,South,CUST-1297
ORD-10447,2024-09-07,Notebook,Stationery,5,5.21,North,CUST-1198
ORD-10249,2024-04-09,Monitor,Electronics,3,330.57,West,CUST-1225
ORD-10884,2024-11-14,Smartphone,Electronics,2,702.97,South,CUST-1192
ORD-11311,2024-02-11,Desk Chair,Furniture,1,227.32,West,CUST-1243
ORD-10868,2024-03-02,Desk Chair,Furniture,2,253.03,North,CUST-1005
ORD-11413,2024-11-25,Pen Set,Stationery,1,13.22,North,CUST-1050
ORD-10617,2024-04-12,Notebook,Stationery,3,4.8,South,CUST-1234
ORD-10341,2024-07-22,Smartphone,Electronics,4,649.55,East,CUST-1148
ORD-11289,2024-02-20,Headphones,Electronics,2,149.55,East,CUST-1070
ORD-10258,2024-01-03,Headphones,Electronics,1,135.42,East,CUST-1076
ORD-10147,2024-03-10,Laptop,Electronics,1,941.43,South,CUST-1212
ORD-10467,2024-03-08,Smartphone,Electronics,2,645.35,North,CUST-1126
ORD-10633,2024-02-21,Headphones,Electronics,5,141.07,South,CUST-1070
ORD-11485,2024-01-20,Headphones,Electronics,1,143.65,North,CUST-1099
ORD-11410,2024-08-26,Mouse,Electronics,5,39.72,North,CUST-1239
ORD-10544,2024-01-15,Monitor,Electronics,3,343.89,North,CUST-1288
ORD-10916,2024-12-22,Standing Desk,Furniture,5,414.12,East,CUST-1230
ORD-10482,2024-02-22,Smartphone,Electronics,1,662.89,South,CUST-1070
ORD-11356,2024-07-08,Headphones,Electronics,2,144.99,South,CUST-1010
ORD-11157,2024-09-11,Monitor,Electronics,2,328.09,North,CUST-1050
ORD-10143,2024-06-08,Desk Chair,Furniture,5,225.5,South,CUST-1115
ORD-10397,2024-05-26,Laptop,Electronics,1,975.32,West,CUST-1220
ORD-10941,2024-06-14,Notebook,Stationery,1,4.58,East,CUST-1202
ORD-11405,2024-07-10,Smartphone,Electronics,5,702.91,East,CUST-1253
ORD-10651,2024-12-18,Laptop,Electronics,5,914.28,South,CUST-1127
ORD-10458,2024-10-20,Smartphone,Electronics,1,658.12,West,CUST-1187
ORD-10183,2024-03-20,Monitor,Electronics,4,329.41,West,CUST-1208
ORD-11133,2024-06-24,Notebook,Stationery,2,5.02,East,CUST-1060
ORD-11210,2024-11-24,Laptop,Electronics,2,900.45,North,CUST-1156
ORD-10602,2024-04-21,Desk Chair,Furniture,4,236.32,East,CUST-1203
ORD-10140,2024-01-28,Mouse,Electronics,2,39.1,South,CUST-1255
ORD-10741,2024-04-20,Standing Desk,Furniture,4,445.93,North,CUST-1246
ORD-10968,2024-06-15,Smartphone,Electronics,4,681.18,West,CUST-1057
ORD-10194,2024-04-23,Pen Set,Stationery,5,11.78,East,CUST-1266
ORD-10871,2024-07-20,Pen Set,Stationery,4,13.16,North,CUST-1046
ORD-10275,2024-04-02,Standing Desk,Furniture,5,424.82,West,CUST-1167
ORD-10289,2024-09-09,Desk Chair,Furniture,1,238.52,North,CUST-1239
ORD-11364,2024-12-14,Smartphone,Electronics,5,,South,CUST-1218
ORD-10395,2024-12-07,Laptop,Electronics,5,1036.9,East,CUST-1008
ORD-10119,2024-01-07,Notebook,Stationery,5,4.7,North,CUST-1174
ORD-11193,2024-07-27,Headphones,Electronics,3,150.1,East,CUST-1203
ORD-10199,2024-08-08,Pen Set,Stationery,1,13.24,East,CUST-1282
ORD-10824,2024-01-17,Backpack,Accessories,3,54.71,East,CUST-1074
ORD-10242,2024-12-09,Standing Desk,Furniture,5,411.3,West,CUST-1260
ORD-11422,2024-01-05,Notebook,Stationery,4,5.1,South,CUST-1173
ORD-11408,2024-07-12,Desk Chair,Furniture,5,230.89,North,CUST-1130
ORD-11139,2024-06-28,Notebook,Stationery,1,4.56,North,CUST-1142
ORD-10380,2024-02-17,Smartphone,Electronics,5,706.07,South,CUST-1137
ORD-11324,2024-12-07,Headphones,Electronics,4,138.34,South,CUST-1045
ORD-10843,2024-04-07,Mouse,Electronics,5,40.09,South,CUST-1078
ORD-10216,2024-06-06,Notebook,Stationery,1,4.66,North,CUST-1028
ORD-10634,2024-02-23,Notebook,Stationery,5,5.03,South,CUST-1058
ORD-10001,2024-02-22,Pen Set,Stationery,5,11.86,East,CUST-1015
ORD-10109,2024-11-01,Notebook,Stationery,3,4.91,West,CUST-1097
ORD-10689,2024-11-16,Smartphone,Electronics,5,718.52,East,CUST-1293
ORD-11431,2024-06-16,Monitor,Electronics,4,316.35,East,CUST-1066
ORD-10938,2024-01-13,Notebook,Stationery,4,4.96,South,CUST-1106
ORD-11320,2024-06-05,Smartphone,Electronics,3,652.63,North,CUST-1250
ORD-11277,2024-05-30,Laptop,Electronics,4,1043.96,West,CUST-1184
ORD-11353,2024-10-02,Laptop,Electronics,1,1018.09,North,CUST-1039
ORD-10436,2024-10-21,Notebook,Stationery,2,4.82,South,CUST-1256
ORD-11122,2024-01-30,Mouse,Electronics,2,37.91,South,CUST-1069
ORD-11242,2024-10-29,Desk Chair,Furniture,1,256.38,West,CUST-1041
ORD-10655,2024-10-08,Laptop,Electronics,4,960.48,West,CUST-1235
ORD-11372,2024-08-30,Notebook,Stationery,2,5.21,East,CUST-1170
ORD-11243,2024-12-28,Headphones,Electronics,4,145.21,West,CUST-1002
ORD-11333,2024-05-11,Laptop,Electronics,1,917.19,East,CUST-1086
ORD-10313,2024-05-27,Desk Chair,Furniture,1,239.48,East,CUST-1281
ORD-10641,2024-12-12,Desk Chair,Furniture,3,240.97,North,CUST-1023
ORD-10700,2024-02-06,Smartphone,Electronics,2,632.49,North,CUST-1019
ORD-11268,2024-03-19,Pen Set,Stationery,4,13.57,North,CUST-1230
ORD-10959,2024-05-19,Headphones,Electronics,2,138.53,South,CUST-1286
ORD-10621,2024-11-20,Pen Set,Stationery,4,12.48,West,CUST-1196
ORD-10625,2024-01-24,Backpack,Accessories,3,62.53,South,CUST-1266
ORD-11292,2024-07-31,Notebook,Stationery,3,4.96,East,CUST-1271
ORD-11234,2024-09-08,Desk Chair,Furniture,2,245.83,South,CUST-1225
ORD-11462,2024-12-22,Smartphone,Electronics,4,701.17,West,CUST-1068
ORD-11240,2024-01-03,Smartphone,Electronics,5,710.51,West,CUST-1039
ORD-11383,2024-06-08,Standing Desk,Furniture,5,434.41,North,CUST-1183
ORD-10784,2024-03-02,Notebook,Stationery,5,4.84,South,CUST-1006
ORD-10638,2024-10-20,Smartphone,Electronics,4,645.65,West,CUST-1261
ORD-10998,2024-01-19,Monitor,Electronics,5,334.09,North,CUST-1288
ORD-10550,2024-06-21,Laptop,Electronics,3,948.38,West,CUST-1223
ORD-10672,2024-09-19,Pen Set,Stationery,3,13.33,South,CUST-1160
ORD-10571,2024-01-23,Pen Set,Stationery,3,12.55,East,CUST-1137
ORD-11095,2024-05-25,Smartphone,Electronics,4,730.39,West,CUST-1082
ORD-11252,2024-02-17,Smartphone,Electronics,1,683.89,North,CUST-1114
ORD-11169,2024-10-25,Laptop,Electronics,1,1014.77,South,CUST-1194
ORD-10518,2024-07-09,Headphones,Electronics,4,156.92,East,CUST-1048
ORD-11045,2024-10-30,Backpack,Accessories,2,57.01,West,CUST-1072
ORD-10534,2024-04-19,Headphones,Electronics,2,141.18,South,CUST-1076
ORD-11180,2024-08-31,Laptop,Electronics,4,931.45,South,CUST-1154
ORD-10738,2024-10-20,Backpack,Accessories,5,55.44,East,CUST-1020
ORD-11386,2024-10-13,Backpack,Accessories,1,57.79,South,CUST-1102
ORD-10478,2024-11-16,Headphones,Electronics,3,151.32,North,CUST-1219
ORD-10092,2024-12-05,Smartphone,Electronics,1,638.81,East,CUST-1236
ORD-11006,2024-08-13,Mouse,Electronics,2,37.26,North,CUST-1176
ORD-10557,2024-05-15,Notebook,Stationery,2,4.68,East,CUST-1131
ORD-11250,2024-09-07,Backpack,Accessories,4,61.96,East,CUST-1288
ORD-10732,2024-11-30,Monitor,Electronics,1,322.57,North,CUST-1114
ORD-10852,2024-04-28,Desk Chair,Furniture,5,239.44,North,CUST-1127
ORD-10879,2024-08-14,Laptop,Electronics,5,921.86,South,CUST-1119
ORD-11024,2024-11-25,Desk Chair,Furniture,1,259.21,North,CUST-1052
ORD-10203,2024-02-17,Headphones,Electronics,4,137.16,North,CUST-1066
ORD-10388,2024-04-23,Smartphone,Electronics,2,631.69,East,CUST-1299
ORD-10783,2024-10-03,Notebook,Stationery,1,4.87,North,CUST-1089
ORD-10859,2024-08-19,Monitor,Electronics,4,,North,CUST-1017
ORD-10393,2024-02-08,Notebook,Stationery,1,5.06,South,CUST-1118
ORD-10756,2024-07-08,Monitor,Electronics,5,324.46,North,CUST-1157
ORD-11376,2024-11-08,Smartphone,Electronics,4,636.9,South,CUST-1286
ORD-11227,2024-12-09,Standing Desk,Furniture,5,452.89,North,CUST-1002
ORD-11014,2024-01-06,Smartphone,Electronics,1,,East,CUST-1050
ORD-10635,2024-09-11,Pen Set,Stationery,2,12.88,West,CUST-1267
ORD-10606,2024-09-21,Smartphone,Electronics,2,724.46,East,CUST-1206
ORD-10947,2024-03-17,Notebook,Stationery,3,5.12,East,CUST-1192
ORD-10715,2024-11-13,Headphones,Electronics,1,155.24,South,CUST-1230
ORD-10674,2024-12-10,Monitor,Electronics,2,345.57,North,CUST-1091
ORD-10095,2024-08-28,Laptop,Electronics,1,1012.34,West,CUST-1179
ORD-10793,2024-05-10,Pen Set,Stationery,4,13.33,South,CUST-1171
ORD-10401,2024-02-11,Notebook,Stationery,1,4.56,East,CUST-1282
ORD-10496,2024-06-07,Smartphone,Electronics,1,683.68,East,CUST-1079
ORD-11057,2024-01-27,Notebook,Stationery,5,4.62,North,CUST-1248
ORD-11042,2024-02-24,Standing Desk,Furniture,1,438.55,South,CUST-1112
ORD-10917,2024-08-20,Backpack,Accessories,5,62.06,East,CUST-1232
ORD-10769,2024-07-25,Smartphone,Electronics,5,630.48,South,CUST-1259
ORD-10197,2024-03-16,Headphones,Electronics,1,137.83,West,CUST-1299
ORD-10131,2024-08-27,Laptop,Electronics,3,1004.95,South,CUST-1256
ORD-11037,2024-04-18,Mouse,Electronics,5,38.74,West,CUST-1274
ORD-10039,2024-12-22,Smartphone,Electronics,5,699.49,North,CUST-1097
ORD-11003,2024-07-08,Desk Chair,Furniture,2,234.79,East,CUST-1248
ORD-10226,2024-11-26,Headphones,Electronics,2,140.31,West,CUST-1101
ORD-10374,2024-06-02,Mouse,Electronics,3,36.36,East,CUST-1089
ORD-10284,2024-05-13,Mouse,Electronics,4,37.28,South,CUST-1251
ORD-10413,2024-02-13,Headphones,Electronics,5,141.64,South,CUST-1037
ORD-10387,2024-08-28,Backpack,Accessories,3,62.22,North,CUST-1211
ORD-10586,2024-06-18,Notebook,Stationery,2,4.53,North,CUST-1137
ORD-11148,2024-07-16,Smartphone,Electronics,3,677.97,North,CUST-1227
ORD-11072,2024-03-08,Desk Chair,Furniture,3,236.08,West,CUST-1046
ORD-10640,2024-01-26,Notebook,Stationery,1,5.1,East,CUST-1148
ORD-11138,2024-02-19,Pen Set,Stationery,1,13.48,South,CUST-1102
ORD-11351,2024-12-20,Laptop,Electronics,2,,North,CUST-1243
ORD-10514,2024-07-28,Smartphone,Electronics,1,654.46,West,CUST-1004
ORD-10061,2024-01-20,Smartphone,Electronics,4,653.35,North,CUST-1235
ORD-10014,2024-06-10,Notebook,Stationery,2,4.98,North,CUST-1234
ORD-11166,2024-08-31,Notebook,Stationery,5,5.13,East,CUST-1200
ORD-11050,2024-05-02,Mouse,Electronics,2,39.65,South,CUST-1092
ORD-10486,2024-08-07,Pen Set,Stationery,3,13.23,North,CUST-1043
ORD-10375,2024-08-06,Laptop,Electronics,5,974.33,West,CUST-1195
ORD-10184,2024-05-23,Smartphone,Electronics,1,702.47,North,CUST-1227
ORD-10753,2024-04-15,Notebook,Stationery,3,4.8,South,CUST-1218
ORD-10213,2024-01-27,Desk Chair,Furniture,2,230.89,West,CUST-1041
ORD-10780,2024-10-04,Headphones,Electronics,1,154.07,North,CUST-1161
ORD-11062,2024-07-10,Monitor,Electronics,2,319.65,East,CUST-1183
ORD-10866,2024-02-18,Standing Desk,Furniture,5,448.34,South,CUST-1295
ORD-10333,2024-08-14,Smartphone,Electronics,3,708.46,North,CUST-1275
ORD-10709,2024-11-01,Headphones,Electronics,4,147.08,West,CUST-1156
ORD-10291,2024-09-02,Desk Chair,Furniture,5,240.4,South,CUST-1294
ORD-11002,2024-02-27,Smartphone,Electronics,5,648.33,East,CUST-1077
ORD-11261,2024-02-10,Smartphone,Electronics,5,657.22,South,CUST-1222
ORD-10450,2024-05-02,Smartphone,Electronics,3,642.27,North,CUST-1072
ORD-11496,2024-07-10,Notebook,Stationery,2,5.02,South,CUST-1093
ORD-10804,2024-07-22,Smartphone,Electronics,1,640.02,South,CUST-1242
ORD-10265,2024-07-10,Backpack,Accessories,3,60.72,West,CUST-1034
ORD-10982,2024-03-06,Notebook,Stationery,3,4.54,East,CUST-1027
ORD-10198,2024-06-15,Mouse,Electronics,4,41.96,South,CUST-1232
ORD-10158,2024-12-16,Smartphone,Electronics,3,734.72,North,CUST-1222
ORD-10719,2024-08-24,Smartphone,Electronics,4,667.66,East,CUST-1282
ORD-10396,2024-10-09,Standing Desk,Furniture,4,405.79,East,CUST-1140
ORD-10693,2024-10-14,Backpack,Accessories,1,55.02,North,CUST-1123
ORD-11115,2024-03-11,Pen Set,Stationery,2,12.05,North,CUST-1283
ORD-10559,2024-09-09,Smartphone,Electronics,4,666.87,North,CUST-1245
ORD-11396,2024-01-11,Notebook,Stationery,2,4.77,North,CUST-1056
ORD-11007,2024-05-15,Standing Desk,Furniture,1,408.54,South,CUST-1243
ORD-11011,2024-08-09,Mouse,Electronics,5,41.5,North,CUST-1171
ORD-11394,2024-05-25,Monitor,Electronics,2,307.83,West,CUST-1089
ORD-11090,2024-08-03,Smartphone,Electronics,4,707.45,North,CUST-1096
ORD-10202,2024-07-10,Smartphone,Electronics,2,702.11,West,CUST-1046
ORD-10033,2024-01-28,Laptop,Electronics,1,909.08,East,CUST-1055
ORD-10765,2024-07-03,Smartphone,Electronics,2,698.77,East,CUST-1044
ORD-10502,2024-03-01,Backpack,Accessories,1,57.01,East,CUST-1268
ORD-11434,2024-10-21,Smartphone,Electronics,3,691.68,South,CUST-1234
ORD-11476,2024-03-31,Pen Set,Stationery,5,12.18,South,CUST-1229
ORD-11373,2024-05-01,Notebook,Stationery,1,5.07,North,CUST-1048
ORD-10088,2024-01-04,Pen Set,Stationery,3,12.27,South,CUST-1214
ORD-11347,2024-09-30,Monitor,Electronics,5,300.45,South,CUST-1062
ORD-10885,2024-12-05,Headphones,Electronics,5,135.97,East,CUST-1145
ORD-10558,2024-01-01,Laptop,Electronics,1,957.88,West,CUST-1085
ORD-11352,2024-01-05,Backpack,Accessories,2,57.71,East,CUST-1250
ORD-10766,2024-07-23,Pen Set,Stationery,3,13.0,North,CUST-1102
ORD-10237,2024-07-17,Standing Desk,Furniture,4,457.27,West,CUST-1026
ORD-10013,2024-01-17,Smartphone,Electronics,3,672.11,South,CUST-1290
ORD-10311,2024-01-05,Headphones,Electronics,1,144.69,South,CUST-1187
ORD-10594,2024-08-25,Smartphone,Electronics,5,671.67,East,CUST-1015
ORD-10383,2024-01-08,Pen Set,Stationery,2,13.52,West,CUST-1060
ORD-11283,2024-09-06,Smartphone,Electronics,3,734.32,South,CUST-1023
ORD-10163,2024-08-23,Notebook,Stationery,3,4.99,East,CUST-1238
ORD-10829,2024-06-08,Headphones,Electronics,3,138.56,South,CUST-1281
ORD-10020,2024-11-24,Laptop,Electronics,3,916.72,South,CUST-1232
ORD-10639,2024-02-21,Laptop,Electronics,3,996.64,South,CUST-1151
ORD-11140,2024-06-27,Smartphone,Electronics,3,646.85,South,CUST-1123
ORD-10820,2024-05-19,Standing Desk,Furniture,5,438.2,West,CUST-1077
ORD-11253,2024-12-31,Mouse,Electronics,2,41.57,South,CUST-1268
ORD-10556,2024-06-12,Smartphone,Electronics,2,696.79,South,CUST-1171
ORD-11461,2024-10-18,Backpack,Accessories,2,56.26,North,CUST-1166
ORD-10677,2024-08-04,Desk Chair,Furniture,1,244.59,West,CUST-1074
ORD-10944,2024-08-23,Pen Set,Stationery,5,13.44,West,CUST-1211
ORD-10186,2024-05-21,Laptop,Electronics,2,1045.22,East,CUST-1232
ORD-10962,2024-01-26,Backpack,Accessories,2,54.25,North,CUST-1025
ORD-10690,2024-02-07,Smartphone,Electronics,3,685.16,South,CUST-1266
ORD-10504,2024-09-12,Smartphone,Electronics,5,647.51,South,CUST-1052
ORD-11068,2024-05-06,Laptop,Electronics,2,949.08,East,CUST-1076
ORD-10469,2024-07-11,Laptop,Electronics,4,911.32,East,CUST-1047
ORD-10845,2024-01-23,Smartphone,Electronics,2,648.75,South,CUST-1054
ORD-10737,2024-10-29,Smartphone,Electronics,2,697.95,East,CUST-1124
ORD-10248,2024-08-17,Notebook,Stationery,2,4.89,North,CUST-1240
ORD-10020,2024-11-24,Laptop,Electronics,3,916.72,South,CUST-1232
ORD-11322,2024-10-16,Laptop,Electronics,4,1035.03,South,CUST-1243
ORD-10454,2024-04-09,Smartphone,Electronics,4,731.19,South,CUST-1253
ORD-11170,2024-06-25,Pen Set,Stationery,3,12.49,North,CUST-1125
ORD-10272,2024-06-18,Notebook,Stationery,3,4.58,South,CUST-1204
ORD-10942,2024-11-11,Laptop,Electronics,1,1024.8,South,CUST-1173
ORD-11201,2024-12-05,Smartphone,Electronics,1,702.51,South,CUST-1122
ORD-10381,2024-11-05,Smartphone,Electronics,5,634.14,East,CUST-1300
ORD-10794,2024-07-03,Headphones,Electronics,5,147.53,East,CUST-1176
ORD-11420,2024-02-13,Headphones,Electronics,3,154.02,East,CUST-1213
ORD-10339,2024-04-28,Monitor,Electronics,5,333.55,West,CUST-1019
ORD-10759,2024-11-10,Smartphone,Electronics,1,646.87,West,CUST-1002
ORD-11318,2024-01-21,Monitor,Electronics,5,304.58,East,CUST-1191
ORD-10127,2024-04-28,Smartphone,Electronics,3,704.22,East,CUST-1232
ORD-10860,2024-11-01,Laptop,Electronics,1,977.63,North,CUST-1154
ORD-11109,2024-07-09,Mouse,Electronics,1,37.7,North,CUST-1228
ORD-11379,2024-11-13,Pen Set,Stationery,1,12.35,North,CUST-1013
ORD-10084,2024-02-09,Laptop,Electronics,3,935.16,East,CUST-1276
ORD-11465,2024-12-26,Standing Desk,Furniture,1,420.69,East,CUST-1063
ORD-10326,2024-09-22,Notebook,Stationery,2,4.91,East,CUST-1244
ORD-11224,2024-03-09,Laptop,Electronics,3,1046.15,South,CUST-1108
ORD-10461,2024-02-14,Mouse,Electronics,4,41.18,East,CUST-1121
ORD-10118,2024-01-28,Smartphone,Electronics,5,660.66,North,CUST-1251
ORD-11030,2024-11-27,Laptop,Electronics,1,954.79,South,CUST-1174
ORD-11081,2024-06-20,Headphones,Electronics,2,147.13,West,CUST-1297
ORD-11116,2024-06-03,Mouse,Electronics,5,37.81,West,CUST-1237
ORD-11280,2024-09-09,Backpack,Accessories,3,56.1,East,CUST-1009
ORD-10849,2024-02-01,Monitor,Electronics,3,324.61,South,CUST-1212
ORD-11442,2024-02-09,Laptop,Electronics,1,975.65,West,CUST-1209
ORD-11112,2024-07-31,Laptop,Electronics,2,1025.32,South,CUST-1073
